title,url,type,tags,description,thumbnailUrl,energy,energy_related,tag
Gas_Stations,https://services2.arcgis.com/DANcyjLcCCpGk8Ri/arcgis/rest/services/Gas_Stations/FeatureServer,Feature Service,"Virginia,Fairfax,EnergyAtlas",Gas Stations in the City of Fairfax,https://services2.arcgis.com/DANcyjLcCCpGk8Ri/arcgis/rest/services/Gas_Stations/FeatureServer/info/thumbnail,gas,10,infrastructure
ARPA GIS _ Infrastructure Improvements,https://services1.arcgis.com/k3vhq11XkBNeeOfM/arcgis/rest/services/ARPA GIS _ Infrastructure Improvements/FeatureServer,Feature Service,"Virginia,Richmond,EnergyAtlas",No description,https://services1.arcgis.com/k3vhq11XkBNeeOfM/arcgis/rest/services/ARPA GIS _ Infrastructure Improvements/FeatureServer/info/thumbnail,infrastructure,8,infrastructure
ARPA GIS Infrastructure Improvements,https://services1.arcgis.com/k3vhq11XkBNeeOfM/arcgis/rest/services/ARPA GIS Infrastructure Improvements/FeatureServer,Feature Service,"Virginia,Richmond,EnergyAtlas",No description,https://services1.arcgis.com/k3vhq11XkBNeeOfM/arcgis/rest/services/ARPA GIS Infrastructure Improvements/FeatureServer/info/thumbnail,infrastructure,8,infrastructure
GasNotFranchiseAreaProd,https://services1.arcgis.com/k3vhq11XkBNeeOfM/arcgis/rest/services/GasNotFranchiseAreaProd/FeatureServer,Feature Service,"Virginia,Richmond,EnergyAtlas",Erased Franchise Area from much larger surrounding polygon to use for Popup to Gas Availability App users that the area is not in their service area.,https://services1.arcgis.com/k3vhq11XkBNeeOfM/arcgis/rest/services/GasNotFranchiseAreaProd/FeatureServer/info/thumbnail,gas production,9,gas
Infrastructure Improvement Projects,https://services1.arcgis.com/k3vhq11XkBNeeOfM/arcgis/rest/services/Infrastructure Improvement Projects/FeatureServer,Feature Service,"Virginia,Richmond,EnergyAtlas",No description,https://services1.arcgis.com/k3vhq11XkBNeeOfM/arcgis/rest/services/Infrastructure Improvement Projects/FeatureServer/info/thumbnail,Infrastructure,8,infrastructure
Natural_Gas_Parcel_Eligibility,https://services1.arcgis.com/k3vhq11XkBNeeOfM/arcgis/rest/services/Natural_Gas_Parcel_Eligibility/FeatureServer,Feature Service,"Virginia,Richmond,EnergyAtlas",This layer shows whether a parcel is receiving or is eligible to receive natural gas service from Richmond Gas Works.,https://services1.arcgis.com/k3vhq11XkBNeeOfM/arcgis/rest/services/Natural_Gas_Parcel_Eligibility/FeatureServer/info/thumbnail,natural gas,10,gas
TargetParcelAcquisitions,https://services1.arcgis.com/k3vhq11XkBNeeOfM/arcgis/rest/services/TargetParcelAcquisitions/FeatureServer,Feature Service,"Virginia,Richmond,EnergyAtlas",This is a feature class comprised of parcels that are flagged for potential purchase by the City for supporting the Master Plan; it is used by the Energov...,https://services1.arcgis.com/k3vhq11XkBNeeOfM/arcgis/rest/services/TargetParcelAcquisitions/FeatureServer/info/thumbnail,land acquisitions for energy projects,8,leases
Ferndale_SO2_published,https://services.arcgis.com/6lCKYNJLvwTXqrmp/ArcGIS/rest/services/Ferndale_SO2_published/FeatureServer,Feature Service,"Washington,Washington Department of Ecology,EnergyAtlas","Wind ands SO2 pollution and roses around Ferndale, Modeled SO2 design values and source contributions, proposed nonattainment area boundary",https://services.arcgis.com/6lCKYNJLvwTXqrmp/ArcGIS/rest/services/Ferndale_SO2_published/FeatureServer/info/thumbnail,sulfur dioxide emissions,8,emissions
Spring_2016_well_details,https://services.arcgis.com/6lCKYNJLvwTXqrmp/ArcGIS/rest/services/Spring_2016_well_details/FeatureServer,Feature Service,"Washington,Washington Department of Ecology,EnergyAtlas",Table of WA GW wells measured by Ecology's WR program in spring 2016,https://services.arcgis.com/6lCKYNJLvwTXqrmp/ArcGIS/rest/services/Spring_2016_well_details/FeatureServer/info/thumbnail,oil and gas,10,wells
SpillsPlanningStandards,https://services.arcgis.com/6lCKYNJLvwTXqrmp/ArcGIS/rest/services/SpillsPlanningStandards/FeatureServer,Feature Service,"Washington,Washington Department of Ecology,EnergyAtlas",Oil Spill Contingency - Planning Standard Locations in Washington State,https://services.arcgis.com/6lCKYNJLvwTXqrmp/ArcGIS/rest/services/SpillsPlanningStandards/FeatureServer/info/thumbnail,oil spills,9,environmental
USGS_and_canadian_realtime_wells,https://services.arcgis.com/6lCKYNJLvwTXqrmp/ArcGIS/rest/services/USGS_and_canadian_realtime_wells/FeatureServer,Feature Service,"Washington,Washington Department of Ecology,EnergyAtlas",Coverage of realtime and select periodic wells measured by the USGS and Canada,https://services.arcgis.com/6lCKYNJLvwTXqrmp/ArcGIS/rest/services/USGS_and_canadian_realtime_wells/FeatureServer/info/thumbnail,oil and gas,9,wells
WRGWDBwellsALL,https://services.arcgis.com/6lCKYNJLvwTXqrmp/ArcGIS/rest/services/WRGWDBwellsALL/FeatureServer,Feature Service,"Washington,Washington Department of Ecology,EnergyAtlas",This is a point coverage of EIM wells that are assigned to the groundwater level networks managed by Ecology's Water Resources program.,https://services.arcgis.com/6lCKYNJLvwTXqrmp/ArcGIS/rest/services/WRGWDBwellsALL/FeatureServer/info/thumbnail,wells,10,wells
KC_Fuel_Stations_From_Parcels,https://services.arcgis.com/Ej0PsM5Aw677QF1W/ArcGIS/rest/services/KC_Fuel_Stations_From_Parcels/FeatureServer,Feature Service,"Washington,King,EnergyAtlas","points for gas stations and potential air and marine fueling facilities. Derived from KC parcel data where PresentUse in('146', '168', '186', 247', '262', ' 271')",https://services.arcgis.com/Ej0PsM5Aw677QF1W/ArcGIS/rest/services/KC_Fuel_Stations_From_Parcels/FeatureServer/info/thumbnail,fuel stations,8,infrastructure
SMP_Designations,https://services.arcgis.com/Ej0PsM5Aw677QF1W/ArcGIS/rest/services/SMP_Designations/FeatureServer,Feature Service,"Washington,King,EnergyAtlas",Shoreline Master Program (SMP) Environment Designations,https://services.arcgis.com/Ej0PsM5Aw677QF1W/ArcGIS/rest/services/SMP_Designations/FeatureServer/info/thumbnail,Seismic Monitoring Points,8,seismic
Hydro_Puget_Sound,https://services2.arcgis.com/1UvBaQ5y1ubjUPmd/arcgis/rest/services/Hydro_Puget_Sound/FeatureServer,Feature Service,"Washington,Pierce,EnergyAtlas",The Puget Sound Shoreline was created from the 2' contours derived from 2011 LiDAR. Read the full metadata for more information.,https://services2.arcgis.com/1UvBaQ5y1ubjUPmd/arcgis/rest/services/Hydro_Puget_Sound/FeatureServer/info/thumbnail,hydro energy,8,renewables
Elevation_contours__2_ft_,https://services2.arcgis.com/W2b0jYHWnOivta60/arcgis/rest/services/Elevation_contours__2_ft_/FeatureServer,Feature Service,"Washington,Lynnwood,EnergyAtlas",Lynnwood elevation contours interval 2 feet,https://services2.arcgis.com/W2b0jYHWnOivta60/arcgis/rest/services/Elevation_contours__2_ft_/FeatureServer/info/thumbnail,topography,8,topography
Gaslines_PC,https://services5.arcgis.com/i22ctDcYlAxooCJX/arcgis/rest/services/Gaslines_PC/FeatureServer,Feature Service,"Washington,Sumner,EnergyAtlas","Gas Main Truck Lines in Sumner, WA",https://services5.arcgis.com/i22ctDcYlAxooCJX/arcgis/rest/services/Gaslines_PC/FeatureServer/info/thumbnail,gas,10,pipelines
Seismic_Hazard_Areas,https://services5.arcgis.com/i22ctDcYlAxooCJX/arcgis/rest/services/Seismic_Hazard_Areas/FeatureServer,Feature Service,"Washington,Sumner,EnergyAtlas",Seismic Hazard Areas in Sumner WA,https://services5.arcgis.com/i22ctDcYlAxooCJX/arcgis/rest/services/Seismic_Hazard_Areas/FeatureServer/info/thumbnail,seismic activity,10,seismic
imagery/alxOrthoIndices,https://maps.alexandriava.gov/arcgis/rest/services/imagery/alxOrthoIndices/MapServer,Map Service,"Virginia,Alexandria,EnergyAtlas,imagery",Ortho Indices to Azure cloud Stoarge download loactions,https://maps.alexandriava.gov/arcgis/rest/services/imagery/alxOrthoIndices/MapServer/info/thumbnail,imagery,10,imagery
imagery/img1927,https://maps.alexandriava.gov/arcgis/rest/services/imagery/img1927/ImageServer,Image Service,"Virginia,Alexandria,EnergyAtlas,imagery",1927 Imagery ,https://maps.alexandriava.gov/arcgis/rest/services/imagery/img1927/ImageServer/info/thumbnail,imagery,10,imagery
imagery/Ortho1995,https://maps.alexandriava.gov/arcgis/rest/services/imagery/Ortho1995/ImageServer,Image Service,"Virginia,Alexandria,EnergyAtlas,imagery",Ortho 1995,https://maps.alexandriava.gov/arcgis/rest/services/imagery/Ortho1995/ImageServer/info/thumbnail,imagery,10,imagery
imagery/Ortho2002,https://maps.alexandriava.gov/arcgis/rest/services/imagery/Ortho2002/ImageServer,Image Service,"Virginia,Alexandria,EnergyAtlas,imagery",Ortho 2002,https://maps.alexandriava.gov/arcgis/rest/services/imagery/Ortho2002/ImageServer/info/thumbnail,imagery,8,imagery
imagery/Ortho1998,https://maps.alexandriava.gov/arcgis/rest/services/imagery/Ortho1998/ImageServer,Image Service,"Virginia,Alexandria,EnergyAtlas,imagery",Ortho1998,https://maps.alexandriava.gov/arcgis/rest/services/imagery/Ortho1998/ImageServer/info/thumbnail,imagery,8,imagery
imagery/Ortho2000,https://maps.alexandriava.gov/arcgis/rest/services/imagery/Ortho2000/ImageServer,Image Service,"Virginia,Alexandria,EnergyAtlas,imagery",Ortho 2000,https://maps.alexandriava.gov/arcgis/rest/services/imagery/Ortho2000/ImageServer/info/thumbnail,imagery,10,imagery
imagery/Ortho2003,https://maps.alexandriava.gov/arcgis/rest/services/imagery/Ortho2003/ImageServer,Image Service,"Virginia,Alexandria,EnergyAtlas,imagery","<DIV STYLE=""text-align:Left;""><P><SPAN>2003 Aerials images of the city of Alexandria</SPAN></P></DIV>",https://maps.alexandriava.gov/arcgis/rest/services/imagery/Ortho2003/ImageServer/info/thumbnail,imagery,8,imagery
imagery/Ortho2011,https://maps.alexandriava.gov/arcgis/rest/services/imagery/Ortho2011/ImageServer,Image Service,"Virginia,Alexandria,EnergyAtlas,imagery",Ortho2011,https://maps.alexandriava.gov/arcgis/rest/services/imagery/Ortho2011/ImageServer/info/thumbnail,imagery,10,imagery
imagery/Ortho2013,https://maps.alexandriava.gov/arcgis/rest/services/imagery/Ortho2013/ImageServer,Image Service,"Virginia,Alexandria,EnergyAtlas,imagery",Ortho 2013,https://maps.alexandriava.gov/arcgis/rest/services/imagery/Ortho2013/ImageServer/info/thumbnail,imagery,10,imagery
imagery/Ortho2016,https://maps.alexandriava.gov/arcgis/rest/services/imagery/Ortho2016/ImageServer,Image Service,"Virginia,Alexandria,EnergyAtlas,imagery",alxOrtho16,https://maps.alexandriava.gov/arcgis/rest/services/imagery/Ortho2016/ImageServer/info/thumbnail,imagery,10,imagery
Open_Data/od_Geology,https://gis2.arlingtonva.us/arlgis/rest/services/Open_Data/od_Geology/FeatureServer,Feature Service,"Virginia,Arlington,EnergyAtlas,Open_Data",Geology and Faults,https://gis2.arlingtonva.us/arlgis/rest/services/Open_Data/od_Geology/FeatureServer/info/thumbnail,geology,10,geology
Open_Data/od_Geology,https://gis2.arlingtonva.us/arlgis/rest/services/Open_Data/od_Geology/MapServer,Map Service,"Virginia,Arlington,EnergyAtlas,Open_Data",Geology and Faults,https://gis2.arlingtonva.us/arlgis/rest/services/Open_Data/od_Geology/MapServer/info/thumbnail,geology,10,geology
Explorer/PW_Explorer,https://gis.danvilleva.gov/server/rest/services/Explorer/PW_Explorer/MapServer,Map Service,"Virginia,Danville,EnergyAtlas,Explorer",Contains all Danville city infrastructure layers accessed by Public Works and Water and Gas employees who use the Explorer app in the field.,https://gis.danvilleva.gov/server/rest/services/Explorer/PW_Explorer/MapServer/info/thumbnail,oil and gas exploration,8,exploration
Imagery/Aerial2002,https://maps.fredericksburgva.gov/arcgis/rest/services/Imagery/Aerial2002/MapServer,Map Service,"Virginia,Fredericksburg,EnergyAtlas,Imagery",No description,https://maps.fredericksburgva.gov/arcgis/rest/services/Imagery/Aerial2002/MapServer/info/thumbnail,imagery,8,imagery
Imagery/Aerial2011,https://maps.fredericksburgva.gov/arcgis/rest/services/Imagery/Aerial2011/MapServer,Map Service,"Virginia,Fredericksburg,EnergyAtlas,Imagery",No description,https://maps.fredericksburgva.gov/arcgis/rest/services/Imagery/Aerial2011/MapServer/info/thumbnail,imagery,10,imagery
Imagery/Aerial2005,https://maps.fredericksburgva.gov/arcgis/rest/services/Imagery/Aerial2005/MapServer,Map Service,"Virginia,Fredericksburg,EnergyAtlas,Imagery",No description,https://maps.fredericksburgva.gov/arcgis/rest/services/Imagery/Aerial2005/MapServer/info/thumbnail,imagery,10,imagery
Imagery/Aerial2018,https://maps.fredericksburgva.gov/arcgis/rest/services/Imagery/Aerial2018/MapServer,Map Service,"Virginia,Fredericksburg,EnergyAtlas,Imagery",No description,https://maps.fredericksburgva.gov/arcgis/rest/services/Imagery/Aerial2018/MapServer/info/thumbnail,imagery,10,imagery
Imagery/Aerial2014,https://maps.fredericksburgva.gov/arcgis/rest/services/Imagery/Aerial2014/MapServer,Map Service,"Virginia,Fredericksburg,EnergyAtlas,Imagery",No description,https://maps.fredericksburgva.gov/arcgis/rest/services/Imagery/Aerial2014/MapServer/info/thumbnail,imagery,10,imagery
Imagery/Aerial2016,https://maps.fredericksburgva.gov/arcgis/rest/services/Imagery/Aerial2016/MapServer,Map Service,"Virginia,Fredericksburg,EnergyAtlas,Imagery",No description,https://maps.fredericksburgva.gov/arcgis/rest/services/Imagery/Aerial2016/MapServer/info/thumbnail,imagery,8,imagery
Imagery/Aerial2006,https://maps.fredericksburgva.gov/arcgis/rest/services/Imagery/Aerial2006/MapServer,Map Service,"Virginia,Fredericksburg,EnergyAtlas,Imagery",No description,https://maps.fredericksburgva.gov/arcgis/rest/services/Imagery/Aerial2006/MapServer/info/thumbnail,imagery,10,imagery
Imagery/Aerial2012,https://maps.fredericksburgva.gov/arcgis/rest/services/Imagery/Aerial2012/MapServer,Map Service,"Virginia,Fredericksburg,EnergyAtlas,Imagery",No description,https://maps.fredericksburgva.gov/arcgis/rest/services/Imagery/Aerial2012/MapServer/info/thumbnail,imagery,8,imagery
Caches/1997_Aerial,https://mapviewer.lynchburgva.gov/arcgis/rest/services/Caches/1997_Aerial/MapServer,Map Service,"Virginia,Lynchburg,EnergyAtlas,Caches",This map service provides cached aerial imagery of the City of Lynchburg from 1997.,https://mapviewer.lynchburgva.gov/arcgis/rest/services/Caches/1997_Aerial/MapServer/info/thumbnail,imagery,8,imagery
Caches/1972_Aerial,https://mapviewer.lynchburgva.gov/arcgis/rest/services/Caches/1972_Aerial/MapServer,Map Service,"Virginia,Lynchburg,EnergyAtlas,Caches",City of Lynchburg 1972 Aerial Imagery captured in October of 1972,https://mapviewer.lynchburgva.gov/arcgis/rest/services/Caches/1972_Aerial/MapServer/info/thumbnail,imagery,8,imagery
Caches/2001_Aerial,https://mapviewer.lynchburgva.gov/arcgis/rest/services/Caches/2001_Aerial/MapServer,Map Service,"Virginia,Lynchburg,EnergyAtlas,Caches",This map service provides cached aerial imagery of the City of Lynchburg from 2001.,https://mapviewer.lynchburgva.gov/arcgis/rest/services/Caches/2001_Aerial/MapServer/info/thumbnail,imagery,8,imagery
Caches/2007_Aerial,https://mapviewer.lynchburgva.gov/arcgis/rest/services/Caches/2007_Aerial/MapServer,Map Service,"Virginia,Lynchburg,EnergyAtlas,Caches",This map service provides cached aerial imagery of the City of Lynchburg from 2007.,https://mapviewer.lynchburgva.gov/arcgis/rest/services/Caches/2007_Aerial/MapServer/info/thumbnail,imagery,8,imagery
Caches/2015_Aerial,https://mapviewer.lynchburgva.gov/arcgis/rest/services/Caches/2015_Aerial/MapServer,Map Service,"Virginia,Lynchburg,EnergyAtlas,Caches",City of Lynchburg 2015 Aerial Imagery cache,https://mapviewer.lynchburgva.gov/arcgis/rest/services/Caches/2015_Aerial/MapServer/info/thumbnail,imagery,8,imagery
InteractiveMapper/Elevation_Group_IM,https://gisshare.norfolk.gov/pubserver/rest/services/InteractiveMapper/Elevation_Group_IM/MapServer,Map Service,"Virginia,Norfolk,EnergyAtlas,InteractiveMapper",City of Norfolk Elevation map service for ArcGIS.com Open Data site. Service includes the following datasets:<BR>-Survey Benchmarks<BR>-Contours<BR>,https://gisshare.norfolk.gov/pubserver/rest/services/InteractiveMapper/Elevation_Group_IM/MapServer/info/thumbnail,topography,8,topography
Services/VBMP2011DTMAugustaCounty,https://gis.ci.staunton.va.us:8087/stagis/rest/services/Services/VBMP2011DTMAugustaCounty/MapServer,Map Service,"Virginia,Staunton,EnergyAtlas,Services",A terrain dataset built from masspoints and breaklines developed for the 2011 VBMP orthophotgraphy project. The purpose of the digital terrain model was orthorectification of the imagery. It is not hydro-enforced.,https://gis.ci.staunton.va.us:8087/stagis/rest/services/Services/VBMP2011DTMAugustaCounty/MapServer/info/thumbnail,topography,8,topography
Services/Topography,https://gis.ci.staunton.va.us:8087/stagis/rest/services/Services/Topography/MapServer,Map Service,"Virginia,Staunton,EnergyAtlas,Services",This mapping service provides the City of Staunton's parcel boundary file for use by GIS applications.,https://gis.ci.staunton.va.us:8087/stagis/rest/services/Services/Topography/MapServer/info/thumbnail,Topography,8,topography
Basemaps/Topographic,https://gismaps.vbgov.com/arcgis/rest/services/Basemaps/Topographic/MapServer,Map Service,"Virginia,Virginia Beach,EnergyAtlas,Basemaps",Topographic data including Contours and Spot Elevations,https://gismaps.vbgov.com/arcgis/rest/services/Basemaps/Topographic/MapServer/info/thumbnail,Mapping and visualization,8,basemaps
Business_Systems/POL_WFS,https://gismaps.vbgov.com/arcgis/rest/services/Business_Systems/POL_WFS/MapServer,Map Service,"Virginia,Virginia Beach,EnergyAtlas,Business_Systems","Address Points, Parcels, and Street Names for POL searches Version 5.0",https://gismaps.vbgov.com/arcgis/rest/services/Business_Systems/POL_WFS/MapServer/info/thumbnail,oil and gas,8,pipelines
Imagery/Aerial1937,https://gismaps.vbgov.com/arcgisimage/rest/services/Imagery/Aerial1937/ImageServer,Image Service,"Virginia,Virginia Beach,EnergyAtlas,Imagery",Aerial imagery collected in 1937.,https://gismaps.vbgov.com/arcgisimage/rest/services/Imagery/Aerial1937/ImageServer/info/thumbnail,imagery,10,imagery
Imagery/Aerial1982,https://gismaps.vbgov.com/arcgisimage/rest/services/Imagery/Aerial1982/ImageServer,Image Service,"Virginia,Virginia Beach,EnergyAtlas,Imagery",Aerial imagery collected in April of 1982 via the National High Altitude Photography (NHAP) program.,https://gismaps.vbgov.com/arcgisimage/rest/services/Imagery/Aerial1982/ImageServer/info/thumbnail,imagery,10,imagery
Imagery/Aerial2019,https://gismaps.vbgov.com/arcgisimage/rest/services/Imagery/Aerial2019/ImageServer,Image Service,"Virginia,Virginia Beach,EnergyAtlas,Imagery","Aerial imagery collected in Jan. 2019 at 6"" pixel resolution. ",https://gismaps.vbgov.com/arcgisimage/rest/services/Imagery/Aerial2019/ImageServer/info/thumbnail,imagery,8,imagery
Imagery/Aerial2018_Tiled,https://gismaps.vbgov.com/arcgisimage/rest/services/Imagery/Aerial2018_Tiled/ImageServer,Image Service,"Virginia,Virginia Beach,EnergyAtlas,Imagery",Imagery/Aerial2018_Tiled,https://gismaps.vbgov.com/arcgisimage/rest/services/Imagery/Aerial2018_Tiled/ImageServer/info/thumbnail,imagery,8,imagery
Imagery/Aerial2019_Tiled,https://gismaps.vbgov.com/arcgisimage/rest/services/Imagery/Aerial2019_Tiled/ImageServer,Image Service,"Virginia,Virginia Beach,EnergyAtlas,Imagery","Aerial imagery collected in Jan. 2019 at 6"" pixel resolution.",https://gismaps.vbgov.com/arcgisimage/rest/services/Imagery/Aerial2019_Tiled/ImageServer/info/thumbnail,imagery,8,imagery
Imagery/MultiYearMosaic,https://gismaps.vbgov.com/arcgisimage/rest/services/Imagery/MultiYearMosaic/ImageServer,Image Service,"Virginia,Virginia Beach,EnergyAtlas,Imagery","Imagery from Michael Baker International, Inc., (1994) and Virginia Base Mapping Program (2002, 2007, and 2011).",https://gismaps.vbgov.com/arcgisimage/rest/services/Imagery/MultiYearMosaic/ImageServer/info/thumbnail,imagery,10,imagery
Topography/LiDAR_DSM_2018,https://gismaps.vbgov.com/arcgisimage/rest/services/Topography/LiDAR_DSM_2018/ImageServer,Image Service,"Virginia,Virginia Beach,EnergyAtlas,Topography",Digital Surface Model (DSM) prepared from airborne LiDAR flown in winter of 2017/2018. Elevations in feet above North American Vertical Datum of 1988 (NAVD88).,https://gismaps.vbgov.com/arcgisimage/rest/services/Topography/LiDAR_DSM_2018/ImageServer/info/thumbnail,topography,8,topography
Topography/DEM2018,https://gismaps.vbgov.com/arcgisimage/rest/services/Topography/DEM2018/ImageServer,Image Service,"Virginia,Virginia Beach,EnergyAtlas,Topography",Digital Elevation Model (DEM) derived from 2018 LiDAR; 6' pixel resolution.,https://gismaps.vbgov.com/arcgisimage/rest/services/Topography/DEM2018/ImageServer/info/thumbnail,topography,10,topography
Topography/Inundation_Zones,https://gismaps.vbgov.com/arcgisimage/rest/services/Topography/Inundation_Zones/ImageServer,Image Service,"Virginia,Virginia Beach,EnergyAtlas,Topography",Topography/Inundation_Zones,https://gismaps.vbgov.com/arcgisimage/rest/services/Topography/Inundation_Zones/ImageServer/info/thumbnail,Topography and flood risk management,8,topography
Topography/DEM2012,https://gismaps.vbgov.com/arcgisimage/rest/services/Topography/DEM2012/ImageServer,Image Service,"Virginia,Virginia Beach,EnergyAtlas,Topography","Digital Elevation Model at 5 foot pixel resolution derived from LiDAR data collected in late fall of 2012 for the City of Virginia Beach, VA. ",https://gismaps.vbgov.com/arcgisimage/rest/services/Topography/DEM2012/ImageServer/info/thumbnail,topography,10,topography
Public_Geology/250k_Surface_Geology,https://gis.dnr.wa.gov/site1/rest/services/Public_Geology/250k_Surface_Geology/MapServer,Map Service,"Washington,Washington Department of Natural Resources,EnergyAtlas,Public_Geology","<DIV STYLE=""text-align:Left;""><DIV><DIV><P><SPAN> These data contain statewide 1:250,000-scale geology data for Washington State. Features include: continental ice limits, contacts, faults, folds, and geologic units. This dataset was tailored for use at a scale of 1:250,000; use at larger scales would be inappropriate.</SPAN></P></DIV></DIV></DIV>",https://gis.dnr.wa.gov/site1/rest/services/Public_Geology/250k_Surface_Geology/MapServer/info/thumbnail,geology,8,geology
Public_Geology/500k_Surface_Geology,https://gis.dnr.wa.gov/site1/rest/services/Public_Geology/500k_Surface_Geology/MapServer,Map Service,"Washington,Washington Department of Natural Resources,EnergyAtlas,Public_Geology","<div style='text-align:Left;'><div><div><p><span>These data contain statewide 1:500,000-scale geology data for Washington State. Features include: contacts, faults, folds, and geologic units.This dataset was tailored for use at a scale of 1:500,000; use at larger scales would be inappropriate.</span></p></div></div></div>",https://gis.dnr.wa.gov/site1/rest/services/Public_Geology/500k_Surface_Geology/MapServer/info/thumbnail,geology,8,geology
Public_Geology/Earthquake,https://gis.dnr.wa.gov/site1/rest/services/Public_Geology/Earthquake/MapServer,Map Service,"Washington,Washington Department of Natural Resources,EnergyAtlas,Public_Geology","<DIV STYLE=""text-align:Left;""><DIV><DIV><P><SPAN>This service contains six point, line, and polygon feature classes pertaining to seismogenic features in Washington State, including: 1) active faults (faults with demonstrable Quaternary-age activity), 2) active folds (folds with demonstrable Quaternary-age activity), 3) paleo-seismic trench locations (excavations made for use in studying and documenting potentially active faults), 4) PNSN earthquakes (earthquake catalog data obtained from the Pacific Northwest Seismic Network greater than 1 M and &lt;25 km in depth), 5) relocated earthquakes (a subset of the PNSN earthquakes of accurately relocated earthquake hypocenters), and 6) relocation processing areas (areas used to group clusters of earthquakes during hypocenter relocation processes). </SPAN></P></DIV></DIV></DIV>",https://gis.dnr.wa.gov/site1/rest/services/Public_Geology/Earthquake/MapServer/info/thumbnail,seismic activity,10,seismic
Public_Geology/Geothermal,https://gis.dnr.wa.gov/site1/rest/services/Public_Geology/Geothermal/MapServer,Map Service,"Washington,Washington Department of Natural Resources,EnergyAtlas,Public_Geology","<div style='text-align:Left;'><div><div><p><span>This data service includes one feature class and five related tables that present information on the location, physical characteristics, temperature, and water chemistry analyses of thermal and mineral springs in Washington State. This dataset includes warm springs, hot springs, mineral springs, and fumaroles in which temperature was recorded. Data were gathered from all available published and unpublished literature, as well as recent data gathered through a U.S. Department of Energy geothermal grant in support of the National Geothermal Data System.</span></p></div></div></div>",https://gis.dnr.wa.gov/site1/rest/services/Public_Geology/Geothermal/MapServer/info/thumbnail,Geothermal energy,10,geology
Public_Geology/Hydro,https://gis.dnr.wa.gov/site1/rest/services/Public_Geology/Hydro/MapServer,Map Service,"Washington,Washington Department of Natural Resources,EnergyAtlas,Public_Geology","<DIV STYLE=""text-align:Left;""><DIV><DIV><P STYLE=""margin:0 0 11 0;""><SPAN><SPAN>In 2018, WGS received grant funding from the USGS to become a data provider for the National Groundwater Monitoring Network (NGWMN). WGS, in partnership with local water agencies, obtains and curates groundwater level and quality data. A data subset of these wells are selected that fit the criteria required for the NGWMN. Through web services, WGS data is obtained by the NGWMN which can then be consumed by the public through the NGWMN map services and data downloads. Currently, WGS is in partnership with Thurston, Kitsap, and Island Counties, and plan to forge additional connections with other water agencies in the State in the years to come. </SPAN></SPAN></P><P><SPAN><SPAN>DNR groundwater monitoring network</SPAN></SPAN></P><P STYLE=""margin:0 0 11 0;""><SPAN><SPAN>The Department of Natural Resources owns many wells throughout the State that are used on State-owned land leases for agriculture and grazing. In partnership with the Product Sales and Leasing Division, WGS has performed water level measurements and data compilation of wells located in the Southeast Region. Many wells have data from the 1970â€™s to today, and will prove invaluable when determining water availability for current and future leasing. WGS has created a GIS-based database that can be used for Product Sales and Leasing. This aids in management decisions and observing trends in groundwater resource availability.</SPAN></SPAN></P><P><SPAN /></P></DIV></DIV></DIV>",https://gis.dnr.wa.gov/site1/rest/services/Public_Geology/Hydro/MapServer/info/thumbnail,Hydro,8,geology
Public_Geology/Oil_and_Gas_Wells,https://gis.dnr.wa.gov/site1/rest/services/Public_Geology/Oil_and_Gas_Wells/MapServer,Map Service,"Washington,Washington Department of Natural Resources,EnergyAtlas,Public_Geology","<div style='text-align:Left;'><div><div><p><span>These data contain point locations that represent oil and gas test well sites in Washington State from 1890 to present. Oil seeps were first reported in Washington about 1881 along the sea cliffs on the west side of the Olympic Peninsula. Natural gas seeps associated with mud cones and mounds were also reported in this same general area. Of all the exploratory wells that have been drilled in Washington to date, 249 reported shows for oil and gas. In 1965 the Jackson Prairie natural gas storage project was developed, which remains the Northwest's largest natural gas storage facility.</span></p></div></div></div>",https://gis.dnr.wa.gov/site1/rest/services/Public_Geology/Oil_and_Gas_Wells/MapServer/info/thumbnail,oil and gas,10,wells
Public_Geology/Subsurface_Geology,https://gis.dnr.wa.gov/site1/rest/services/Public_Geology/Subsurface_Geology/MapServer,Map Service,"Washington,Washington Department of Natural Resources,EnergyAtlas,Public_Geology","<div style='text-align:Left;font-size:12pt'><div><div><p><span>These data are intended to be used by geologists, engineers, planners, private-sector geoscientists, and the general public to identify geologic hazards, perform analyses of slope stability, downslope and downstream impacts, storm water management, and identify mitigation opportunities for construction or other land-development projects. Subsurface data is also used in mining, oil and gas exploration, carbon sequestration, and geothermal exploration. </span></p><p><span>It was compiled from a variety of sources including GeoMapNW, Washington State Department of Transportation, Washington State Department of Ecology, various counties, cities, and water resource agencies. It is not intended to be a complete inventory of borings in Washington State and, at present, includes only a small fraction of this total. The Washington Geological Survey is adding more borings to this dataset as time and resources permit.</span></p></div></div></div>",https://gis.dnr.wa.gov/site1/rest/services/Public_Geology/Subsurface_Geology/MapServer/info/thumbnail,geology,10,geology
Public_Aquatics/WADNR_PUBLIC_AQR_BATHYINV,https://gis.dnr.wa.gov/site3/rest/services/Public_Aquatics/WADNR_PUBLIC_AQR_BATHYINV/MapServer,Map Service,"Washington,Washington Department of Natural Resources,EnergyAtlas,Public_Aquatics","This is a working inventory of Puget Sound and outer coast bathymetry dataset footprints for Washington State. The data come from many sources, with varying spatial accuracies. These data should be considered preliminary, and not representative of the full extent of all surveys. This inventory is in no way complete, and is intended to be expanded upon and improved. Initial focus of these polygons is within Puget Sound, the Strait of Juan de Fuca, and the Georgia Straits. NOAA has created a similar inventory for the outer coast and off-shore areas to aid in Marine Spatial Planning and data prioritization. Some overlap between this feature layer, and the NOAA inventory may occur.",https://gis.dnr.wa.gov/site3/rest/services/Public_Aquatics/WADNR_PUBLIC_AQR_BATHYINV/MapServer/info/thumbnail,bathymetry,8,bathymetry
Shared/FuelStations,https://data.wsdot.wa.gov/arcgis/rest/services/Shared/FuelStations/MapServer,Map Service,"Washington,Washington Department of Transportation,EnergyAtlas,Shared","This data set depicts Washington State Department of Transportation (WSDOT) and Washington State Patrol (WSP) fueling stations. Type of fuel available at fueling station is designated as: G=Gas; D=Diesel; B=BioDiesel; P=Propane; E=Electric. WSDOT Region codes are: 1=Northwest,2=North Central,3=Olympic,4=Southwest,5=South Central,6=Eastern.<BR>",https://data.wsdot.wa.gov/arcgis/rest/services/Shared/FuelStations/MapServer/info/thumbnail,fuel stations,8,infrastructure
GIS/BOC,https://atlas.co.chelan.wa.us/arcgis/rest/services/GIS/BOC/MapServer,Map Service,"Washington,Chelan,EnergyAtlas,GIS","Each parcel with the owners name, the situs address, and contact info for BOC<BR>https://maps.co.chelan.wa.us/BOC",https://atlas.co.chelan.wa.us/arcgis/rest/services/GIS/BOC/MapServer/info/thumbnail,geomatics,10,geomatics
GIS/Parcels4NWandPC,https://atlas.co.chelan.wa.us/arcgis/rest/services/GIS/Parcels4NWandPC/MapServer,Map Service,"Washington,Chelan,EnergyAtlas,GIS","Parcels with situs address, owner's address, and acres",https://atlas.co.chelan.wa.us/arcgis/rest/services/GIS/Parcels4NWandPC/MapServer/info/thumbnail,geomatics,8,geomatics
base/Basemap_terrain_basic,https://websrv19.clallam.net/arcgis/rest/services/base/Basemap_terrain_basic/MapServer,Map Service,"Washington,Clallam,EnergyAtlas,base","Base map with Lidar/NED hillshade and contours, no labels or features to interfere with map features",https://websrv19.clallam.net/arcgis/rest/services/base/Basemap_terrain_basic/MapServer/info/thumbnail,topography,8,basemaps
base/Basemap_terrain,https://websrv19.clallam.net/arcgis/rest/services/base/Basemap_terrain/MapServer,Map Service,"Washington,Clallam,EnergyAtlas,base","Base map with Lidar/NED hillshade, water features, roads, sections, and parcels",https://websrv19.clallam.net/arcgis/rest/services/base/Basemap_terrain/MapServer/info/thumbnail,topography,8,basemaps
CE_drafts/Contours_Service,https://websrv19.clallam.net/arcgis/rest/services/CE_drafts/Contours_Service/MapServer,Map Service,"Washington,Clallam,EnergyAtlas,CE_drafts","Contours layer service. Includes 10, 20 & 50 ft contours and 5 ft lidar contours.<BR><BR>Created 3/30/2022",https://websrv19.clallam.net/arcgis/rest/services/CE_drafts/Contours_Service/MapServer/info/thumbnail,geomatics,8,geomatics
Elevation/Elevation,https://gisweb.jeffcowa.us/server/rest/services/Elevation/Elevation/MapServer,Map Service,"Washington,Jefferson,EnergyAtlas,Elevation","This service contains a collection of features that describe the physical terrain. 20, 10, 5, & 2 foot contours derived from LiDAR.",https://gisweb.jeffcowa.us/server/rest/services/Elevation/Elevation/MapServer/info/thumbnail,topography,10,topography
Environment/KingCo_SensitiveAreas,https://gismaps.kingcounty.gov/arcgis/rest/services/Environment/KingCo_SensitiveAreas/MapServer,Map Service,"Washington,King,EnergyAtlas,Environment",This map of Sensitive and Critical Areas Ordinances also contains data on Chinook distribution and Wildlife network.,https://gismaps.kingcounty.gov/arcgis/rest/services/Environment/KingCo_SensitiveAreas/MapServer/info/thumbnail,environmental,8,environmental
Topo/KingCo_Contours,https://gismaps.kingcounty.gov/arcgis/rest/services/Topo/KingCo_Contours/MapServer,Map Service,"Washington,King,EnergyAtlas,Topo","The elevation isolines in this map were generated from a digital ground model (DGM) that was constructed from lidar data. The full set of isoline source data contains contours at either a 5- or 10-foot interval depending on geographic location and elevation. (For a full explanation, see https://www5.kingcounty.gov/sdc/Metadata.aspx?Layer=contour005.)<BR><BR>This map displays various contour intervals depending on map scale, from a 5- or 10-foot interval at the largest scale, to a 100-foot interval at intermediate scales, to a 500- or 1,000-foot interval at very small scales. Negative-value contours are included.",https://gismaps.kingcounty.gov/arcgis/rest/services/Topo/KingCo_Contours/MapServer/info/thumbnail,topography,8,topography
ClimateChange/AveWinterTemp_CMIP3,https://gisdata.kingcounty.gov/arcgis/rest/services/ClimateChange/AveWinterTemp_CMIP3/MapServer,Map Service,"Washington,King,EnergyAtlas,ClimateChange","Historical and projected change in average winter temperature. CMIP3 projections. HUC8 geography.<BR><BR>Watershed averages for historical conditions (1970-1999) and the projected change for ten global models. Two time periods are considered: the 2040s (2030-2059) and the 2080s (2070-2099), based on a moderate greenhouse gas scenario (A1B). Results are only shown for watersheds for which at least 8 out of the 10 models agree on the direction of change.",https://gisdata.kingcounty.gov/arcgis/rest/services/ClimateChange/AveWinterTemp_CMIP3/MapServer/info/thumbnail,climate change impact on energy production and consumption,7,environmental
ClimateChange/W5_T_winter_B,https://gisdata.kingcounty.gov/arcgis/rest/services/ClimateChange/W5_T_winter_B/MapServer,Map Service,"Washington,King,EnergyAtlas,ClimateChange","Average winter temperature (Dec-Feb). <BR><BR>Geographic units: HUC10. <BR><BR>The layers in this map all reference the same dataset which includes historical values plus two projections each for two future time periods, 2050s and 2080s, based on lower and higher greenhouse gas emission scenarios, RCP 4.5 and RCP 8.5. <BR><BR>The five individual map layers each symbolize a different time period and scenario.",https://gisdata.kingcounty.gov/arcgis/rest/services/ClimateChange/W5_T_winter_B/MapServer/info/thumbnail,climate change,8,environmental
ClimateChange/W5_T_winter_A,https://gisdata.kingcounty.gov/arcgis/rest/services/ClimateChange/W5_T_winter_A/MapServer,Map Service,"Washington,King,EnergyAtlas,ClimateChange","Historical and projected average winter temperatures (Dec-Feb). <BR><BR>Geographic units: HUC10. <BR><BR>These data include historical values plus two projections each for two future time periods, 2050s and 2080s, based on lower and higher greenhouse gas emission scenarios, RCP 4.5 and RCP 8.5.",https://gisdata.kingcounty.gov/arcgis/rest/services/ClimateChange/W5_T_winter_A/MapServer/info/thumbnail,weather,8,weather
ClimateChange/W5_T_winter_C,https://gisdata.kingcounty.gov/arcgis/rest/services/ClimateChange/W5_T_winter_C/MapServer,Map Service,"Washington,King,EnergyAtlas,ClimateChange","Average winter temperature (Dec-Feb). <BR><BR>Geographic units: HUC10. <BR><BR>The layers in this map all reference the same dataset which includes historical values plus two projections each for two future time periods, 2050s and 2080s, based on lower and higher greenhouse gas emission scenarios, RCP 4.5 and RCP 8.5. <BR><BR>The five individual map layers each symbolize a different time period and scenario.",https://gisdata.kingcounty.gov/arcgis/rest/services/ClimateChange/W5_T_winter_C/MapServer/info/thumbnail,Climate Change,8,environmental
ClimateChange/W5_T_winter_separate,https://gisdata.kingcounty.gov/arcgis/rest/services/ClimateChange/W5_T_winter_separate/MapServer,Map Service,"Washington,King,EnergyAtlas,ClimateChange","Average winter temperature (Dec-Feb). <BR><BR>Geographic units: HUC10. <BR><BR>The layers in this map all reference the same dataset which includes historical values plus two projections each for two future time periods, 2050s and 2080s, based on lower and higher greenhouse gas emission scenarios, RCP 4.5 and RCP 8.5. <BR><BR>The five individual map layers each symbolize a different time period and scenario. [description: MXD properties]",https://gisdata.kingcounty.gov/arcgis/rest/services/ClimateChange/W5_T_winter_separate/MapServer/info/thumbnail,Climate change impact on winter season,8,environmental
OpenDataPortal/enviro___base,https://gisdata.kingcounty.gov/arcgis/rest/services/OpenDataPortal/enviro___base/MapServer,Map Service,"Washington,King,EnergyAtlas,OpenDataPortal",Environmental data or that related to the state (not management) of natural resources. Natural condition of flora and fauna and their habitat. Description of earth's natural ecosystem or physical environment.,https://gisdata.kingcounty.gov/arcgis/rest/services/OpenDataPortal/enviro___base/MapServer/info/thumbnail,environmental,8,environmental
OpenDataPortal/topo___base,https://gisdata.kingcounty.gov/arcgis/rest/services/OpenDataPortal/topo___base/MapServer,Map Service,"Washington,King,EnergyAtlas,OpenDataPortal","Elevation and topographic data, excluding contours. Contours as individual downloads, below. Not all contours available as SHP and KMZ at this time.",https://gisdata.kingcounty.gov/arcgis/rest/services/OpenDataPortal/topo___base/MapServer/info/thumbnail,topography,8,topography
OpenDataPortal/topo__reg_psctr020_line,https://gisdata.kingcounty.gov/arcgis/rest/services/OpenDataPortal/topo__reg_psctr020_line/MapServer,Map Service,"Washington,King,EnergyAtlas,OpenDataPortal",Generalized 20-foot contour isolines derived from Puget Sound lowlands combined bathymetry and elevation digital elevation model.,https://gisdata.kingcounty.gov/arcgis/rest/services/OpenDataPortal/topo__reg_psctr020_line/MapServer/info/thumbnail,topography,8,topography
Imagery/AMP_2015_GEOTIFF,https://ags.kitsapgov.com/arcgis/rest/services/Imagery/AMP_2015_GEOTIFF/MapServer,Map Service,"Washington,Kitsap,EnergyAtlas,Imagery","The data used is a combination of 1-foot (Hood Canal), 1/2-foot, and 1/4-foot (Poulsbo) GeoTIFF imagery format.",https://ags.kitsapgov.com/arcgis/rest/services/Imagery/AMP_2015_GEOTIFF/MapServer/info/thumbnail,imagery,8,imagery
Imagery/HXIP_2017_GEOTIFF,https://ags.kitsapgov.com/arcgis/rest/services/Imagery/HXIP_2017_GEOTIFF/MapServer,Map Service,"Washington,Kitsap,EnergyAtlas,Imagery","The data used is a combination of 1-foot (Hood Canal), 1/2-foot, and 1/4-foot (Poulsbo) GeoTIFF imagery format.",https://ags.kitsapgov.com/arcgis/rest/services/Imagery/HXIP_2017_GEOTIFF/MapServer/info/thumbnail,imagery,8,imagery
Imagery/HXIP_2017_NAD83_GEOTIFF,https://ags.kitsapgov.com/arcgis/rest/services/Imagery/HXIP_2017_NAD83_GEOTIFF/MapServer,Map Service,"Washington,Kitsap,EnergyAtlas,Imagery","The data used is a combination of 1-foot (Hood Canal), 1/2-foot, and 1/4-foot (Poulsbo) GeoTIFF imagery format.",https://ags.kitsapgov.com/arcgis/rest/services/Imagery/HXIP_2017_NAD83_GEOTIFF/MapServer/info/thumbnail,imagery,8,imagery
Imagery/HXIP_2018_NAD83_GEOTIFF,https://ags.kitsapgov.com/arcgis/rest/services/Imagery/HXIP_2018_NAD83_GEOTIFF/MapServer,Map Service,"Washington,Kitsap,EnergyAtlas,Imagery","Imagery was collected by Leica Geosystems as part of the 2018 Hexagon HxIP Imaging Program. Imagery was collected between July 20,2018 and and September 7, 2018. Pixel size is six inches.",https://ags.kitsapgov.com/arcgis/rest/services/Imagery/HXIP_2018_NAD83_GEOTIFF/MapServer/info/thumbnail,imagery,10,imagery
Imagery/HXIP_2020_IR_NAD83_MOSAIC,https://ags.kitsapgov.com/arcgis/rest/services/Imagery/HXIP_2020_IR_NAD83_MOSAIC/MapServer,Map Service,"Washington,Kitsap,EnergyAtlas,Imagery","Digital aerial infra-red imagery for Washington state was collected by Hexagon as part of the 2020 NAIP Imaging Program. Imagery was collected between June 30, 2020 and November 2, 2020 using Leica ADS100 digital camera systems. The project was flown at heights ranging from 16,500 ft msl to 20,500 ft msl resulting in a nominal GSD of 30cm. Four band images were collected to support both 3-band natural color (RGB) and false color infrared (FCIR) orthoimage products. Aerotriangulation and orthorectification were done with the Leica Xpro software package, version 6.4 and ortho mosaics were created with Inpho Orthovista 8.0. 4-band RGBN 8-bit Ortho images were created in a DOQQ tiling scheme.",https://ags.kitsapgov.com/arcgis/rest/services/Imagery/HXIP_2020_IR_NAD83_MOSAIC/MapServer/info/thumbnail,imagery,8,imagery
Imagery/HXIP_2019_IR_NAD83_MOSAIC,https://ags.kitsapgov.com/arcgis/rest/services/Imagery/HXIP_2019_IR_NAD83_MOSAIC/MapServer,Map Service,"Washington,Kitsap,EnergyAtlas,Imagery","Digital aerial imagery for Washington state was collected by Hexagon as part of the 2019 NAIP Imaging Program. Imagery was collected between June 30, 2019 and November 2, 2019 using Leica ADS100 digital camera systems. The project was flown at heights ranging from 16,500 ft msl to 20,500 ft msl resulting in a nominal GSD of 30cm. Four band images were collected to support both 3-band natural color (RGB) and false color infrared (FCIR) orthoimage products. Aerotriangulation and orthorectification were done with the Leica Xpro software package, version 6.4 and ortho mosaics were created with Inpho Orthovista 8.0. 4-band RGBN 8-bit Ortho images were created in a DOQQ tiling scheme.<BR><BR>These data are not for public distribution and should only be used by authorized users. This product is protected by a statewide license agreement that needs to be reviewed and signed prior to use. Contact the Washington OCIO Geospatial Program Office to review the license agreement or to become an authorized user.",https://ags.kitsapgov.com/arcgis/rest/services/Imagery/HXIP_2019_IR_NAD83_MOSAIC/MapServer/info/thumbnail,imagery,8,imagery
Imagery/HXIP_2019_NAD83_GEOTIFF,https://ags.kitsapgov.com/arcgis/rest/services/Imagery/HXIP_2019_NAD83_GEOTIFF/MapServer,Map Service,"Washington,Kitsap,EnergyAtlas,Imagery","Digital aerial imagery for Washington state was collected by Hexagon as part of the 2019 NAIP Imaging Program. Imagery was collected between June 30, 2019 and November 2, 2019 using Leica ADS100 digital camera systems. The project was flown at heights ranging from 16,500 ft msl to 20,500 ft msl resulting in a nominal GSD of 30cm. Four band images were collected to support both 3-band natural color (RGB) and false color infrared (FCIR) orthoimage products. Aerotriangulation and orthorectification were done with the Leica Xpro software package, version 6.4 and ortho mosaics were created with Inpho Orthovista 8.0. 4-band RGBN 8-bit Ortho images were created in a DOQQ tiling scheme.<BR><BR>These data are not for public distribution and should only be used by authorized users. This product is protected by a statewide license agreement that needs to be reviewed and signed prior to use. Contact the Washington OCIO Geospatial Program Office to review the license agreement or to become an authorized user.",https://ags.kitsapgov.com/arcgis/rest/services/Imagery/HXIP_2019_NAD83_GEOTIFF/MapServer/info/thumbnail,imagery,8,imagery
Imagery/HXIP_2020_NAD83_GEOTIFF,https://ags.kitsapgov.com/arcgis/rest/services/Imagery/HXIP_2020_NAD83_GEOTIFF/MapServer,Map Service,"Washington,Kitsap,EnergyAtlas,Imagery","Digital aerial imagery for Washington state was collected by Hexagon as part of the 2020 NAIP Imaging Program. Imagery was collected between June 30, 2020 and November 2, 2020 using Leica ADS100 digital camera systems. The project was flown at heights ranging from 16,500 ft msl to 20,500 ft msl resulting in a nominal GSD of 30cm. Four band images were collected to support both 3-band natural color (RGB) and false color infrared (FCIR) orthoimage products. Aerotriangulation and orthorectification were done with the Leica Xpro software package, version 6.4 and ortho mosaics were created with Inpho Orthovista 8.0. 4-band RGBN 8-bit Ortho images were created in a DOQQ tiling scheme.<BR><BR>These data are not for public distribution and should only be used by authorized users. This product is protected by a statewide license agreement that needs to be reviewed and signed prior to use. Contact the Washington OCIO Geospatial Program Office to review the license agreement or to become an authorized user.",https://ags.kitsapgov.com/arcgis/rest/services/Imagery/HXIP_2020_NAD83_GEOTIFF/MapServer/info/thumbnail,imagery,10,imagery
Imagery/HXIP_2020_NAD83_IR_MOSAIC,https://ags.kitsapgov.com/arcgis/rest/services/Imagery/HXIP_2020_NAD83_IR_MOSAIC/MapServer,Map Service,"Washington,Kitsap,EnergyAtlas,Imagery","Digital aerial infra-red imagery for Washington state was collected by Hexagon as part of the 2020 NAIP Imaging Program. Imagery was collected between June 30, 2020 and November 2, 2020 using Leica ADS100 digital camera systems. The project was flown at heights ranging from 16,500 ft msl to 20,500 ft msl resulting in a nominal GSD of 30cm. Four band images were collected to support both 3-band natural color (RGB) and false color infrared (FCIR) orthoimage products. Aerotriangulation and orthorectification were done with the Leica Xpro software package, version 6.4 and ortho mosaics were created with Inpho Orthovista 8.0. 4-band RGBN 8-bit Ortho images were created in a DOQQ tiling scheme.",https://ags.kitsapgov.com/arcgis/rest/services/Imagery/HXIP_2020_NAD83_IR_MOSAIC/MapServer/info/thumbnail,imagery,8,imagery
WGS84/Imagery_HXIP_2017_GEOTIFF,https://ags.kitsapgov.com/arcgis/rest/services/WGS84/Imagery_HXIP_2017_GEOTIFF/MapServer,Map Service,"Washington,Kitsap,EnergyAtlas,WGS84",The data used is a combination of 1-foot GeoTIFF imagery format.,https://ags.kitsapgov.com/arcgis/rest/services/WGS84/Imagery_HXIP_2017_GEOTIFF/MapServer/info/thumbnail,geomatics,8,imagery
WGS84/Imagery_AMP_2012_GeoTIFF,https://ags.kitsapgov.com/arcgis/rest/services/WGS84/Imagery_AMP_2012_GeoTIFF/MapServer,Map Service,"Washington,Kitsap,EnergyAtlas,WGS84","The data used is a combination of 1-foot (Hood Canal), 1/2-foot, and 1/4-foot (Poulsbo) GeoTIFF imagery format.",https://ags.kitsapgov.com/arcgis/rest/services/WGS84/Imagery_AMP_2012_GeoTIFF/MapServer/info/thumbnail,geomatics,8,imagery
WGS84/Imagery_HXIP_2020_IR_MOSAIC,https://ags.kitsapgov.com/arcgis/rest/services/WGS84/Imagery_HXIP_2020_IR_MOSAIC/MapServer,Map Service,"Washington,Kitsap,EnergyAtlas,WGS84","Digital aerial infra-red imagery for Washington state was collected by Hexagon as part of the 2020 NAIP Imaging Program. Imagery was collected between June 30, 2020 and November 2, 2020 using Leica ADS100 digital camera systems. The project was flown at heights ranging from 16,500 ft msl to 20,500 ft msl resulting in a nominal GSD of 30cm. Four band images were collected to support both 3-band natural color (RGB) and false color infrared (FCIR) orthoimage products. Aerotriangulation and orthorectification were done with the Leica Xpro software package, version 6.4 and ortho mosaics were created with Inpho Orthovista 8.0. 4-band RGBN 8-bit Ortho images were created in a DOQQ tiling scheme.",https://ags.kitsapgov.com/arcgis/rest/services/WGS84/Imagery_HXIP_2020_IR_MOSAIC/MapServer/info/thumbnail,imagery,8,imagery
WGS84/Imagery_HXIP_2019_GEOTIFF,https://ags.kitsapgov.com/arcgis/rest/services/WGS84/Imagery_HXIP_2019_GEOTIFF/MapServer,Map Service,"Washington,Kitsap,EnergyAtlas,WGS84","Digital aerial imagery for Washington state was collected by Hexagon as part of the 2019 NAIP Imaging Program. Imagery was collected between June 30, 2019 and November 2, 2019 using Leica ADS100 digital camera systems. The project was flown at heights ranging from 16,500 ft msl to 20,500 ft msl resulting in a nominal GSD of 30cm. Four band images were collected to support both 3-band natural color (RGB) and false color infrared (FCIR) orthoimage products. Aerotriangulation and orthorectification were done with the Leica Xpro software package, version 6.4 and ortho mosaics were created with Inpho Orthovista 8.0. 4-band RGBN 8-bit Ortho images were created in a DOQQ tiling scheme.",https://ags.kitsapgov.com/arcgis/rest/services/WGS84/Imagery_HXIP_2019_GEOTIFF/MapServer/info/thumbnail,imagery,8,imagery
WGS84/Imagery_HXIP_2020_GEOTIFF,https://ags.kitsapgov.com/arcgis/rest/services/WGS84/Imagery_HXIP_2020_GEOTIFF/MapServer,Map Service,"Washington,Kitsap,EnergyAtlas,WGS84","Digital aerial imagery for Washington state was collected by Hexagon as part of the 2020 NAIP Imaging Program. Imagery was collected between June 30, 2020 and November 2, 2020 using Leica ADS100 digital camera systems. The project was flown at heights ranging from 16,500 ft msl to 20,500 ft msl resulting in a nominal GSD of 30cm. Four band images were collected to support both 3-band natural color (RGB) and false color infrared (FCIR) orthoimage products. Aerotriangulation and orthorectification were done with the Leica Xpro software package, version 6.4 and ortho mosaics were created with Inpho Orthovista 8.0. 4-band RGBN 8-bit Ortho images were created in a DOQQ tiling scheme.",https://ags.kitsapgov.com/arcgis/rest/services/WGS84/Imagery_HXIP_2020_GEOTIFF/MapServer/info/thumbnail,geomatics,8,imagery
WGS84/Imagery_WADNR_1994_GeoTIFF,https://ags.kitsapgov.com/arcgis/rest/services/WGS84/Imagery_WADNR_1994_GeoTIFF/MapServer,Map Service,"Washington,Kitsap,EnergyAtlas,WGS84","The data used is black-and-white 1:36,000 imagery in GeoTIFF format.",https://ags.kitsapgov.com/arcgis/rest/services/WGS84/Imagery_WADNR_1994_GeoTIFF/MapServer/info/thumbnail,geomatics,8,imagery
WGS84/Imagery_WADNR_2005_GeoTIFF,https://ags.kitsapgov.com/arcgis/rest/services/WGS84/Imagery_WADNR_2005_GeoTIFF/MapServer,Map Service,"Washington,Kitsap,EnergyAtlas,WGS84","The data used is a combination of 1:36,000 (rural) and 1:18,000 (urban) imagery in GeoTIFF format. ",https://ags.kitsapgov.com/arcgis/rest/services/WGS84/Imagery_WADNR_2005_GeoTIFF/MapServer/info/thumbnail,geomatics,8,imagery
WGS84/Topographic_Contours_2018_WGS84,https://ags.kitsapgov.com/arcgis/rest/services/WGS84/Topographic_Contours_2018_WGS84/MapServer,Map Service,"Washington,Kitsap,EnergyAtlas,WGS84","Elevation contours originally derived from LiDAR (2000) and updated from high-resolution imagery (2012, 2017).",https://ags.kitsapgov.com/arcgis/rest/services/WGS84/Topographic_Contours_2018_WGS84/MapServer/info/thumbnail,topography,8,topography
KPHD/Parcels_wellsite,https://kitsappublichealth.org/agsserver/rest/services/KPHD/Parcels_wellsite/MapServer,Map Service,"Washington,Kitsap,EnergyAtlas,KPHD","Layer group contains parcels, Section/Township/Range, Quarter Quarter Sections and Lidar(Contains Elevation values) layers. ",https://kitsappublichealth.org/agsserver/rest/services/KPHD/Parcels_wellsite/MapServer/info/thumbnail,oil and gas,8,wells
Imagery/Aerial_2015,https://gis.pendoreilleco.org/arcgis/rest/services/Imagery/Aerial_2015/ImageServer,Image Service,"Washington,Pend Oreille,EnergyAtlas,Imagery",2015 Aerial imagery - 9in and 4in resolutions,https://gis.pendoreilleco.org/arcgis/rest/services/Imagery/Aerial_2015/ImageServer/info/thumbnail,imagery,10,imagery
Geology/Geologic_Units_100K,https://gis.sanjuanco.com/arcgis/rest/services/Geology/Geologic_Units_100K/MapServer,Map Service,"Washington,San Juan,EnergyAtlas,Geology","These data contain 1:100,000-scale polygons defining the extent and label of each geologic unit. The label is an abbreviation that represents the age, lithology, and name of a geologic unit. ",https://gis.sanjuanco.com/arcgis/rest/services/Geology/Geologic_Units_100K/MapServer/info/thumbnail,geology,8,geology
Geology/Geologic_Units_24K,https://gis.sanjuanco.com/arcgis/rest/services/Geology/Geologic_Units_24K/MapServer,Map Service,"Washington,San Juan,EnergyAtlas,Geology","Maps of the surficial geology and depth to bedrock of False Bay, Friday Harbor, Richardson, and Shaw Island 7.5-minute quadrangles",https://gis.sanjuanco.com/arcgis/rest/services/Geology/Geologic_Units_24K/MapServer/info/thumbnail,geology,8,geology
environmental/Savvy_Septic_webmap,https://gismaps.snoco.org/snocogis2/rest/services/environmental/Savvy_Septic_webmap/MapServer,Map Service,"Washington,Snohomish,EnergyAtlas,environmental","This web map is for viewing septic parcel data. Current as of July, 2020.",https://gismaps.snoco.org/snocogis2/rest/services/environmental/Savvy_Septic_webmap/MapServer/info/thumbnail,environmental management,8,environmental
imagery/1998_orthophoto,https://gismaps.snoco.org/snocogis2/rest/services/imagery/1998_orthophoto/MapServer,Map Service,"Washington,Snohomish,EnergyAtlas,imagery","1998 digital orthophotos obtained from Washington Department of Natural Resources. Tiled orthogonal images are joined in a mosaic, panchromatic (b/w), with 3 foot (1 meter) resolution.",https://gismaps.snoco.org/snocogis2/rest/services/imagery/1998_orthophoto/MapServer/info/thumbnail,imagery,10,imagery
topography/color_contours,https://gismaps.snoco.org/snocogis2/rest/services/topography/color_contours/MapServer,Map Service,"Washington,Snohomish,EnergyAtlas,topography","Elevation contour lines are color-coded with two color ramps that are the inverse of each other and meet at 1,000â€™. From blue (at sea-level) to orange, brown, and light purple at 1,000â€™ then to brown, orange, and finally blue at 6,610â€™. There are five different contour intervals that range from 5â€™ to 100â€™ depending on elevation and scale. This service is intended to be used at the parcel level where low and high elevations with the same color do not appear in the same view. Map Name: Layers",https://gismaps.snoco.org/snocogis2/rest/services/topography/color_contours/MapServer/info/thumbnail,topography,10,topography
Applications/ParcelViewerAddOnData,https://gis.whatcomcounty.us/arcgis/rest/services/Applications/ParcelViewerAddOnData/MapServer,Map Service,"Washington,Whatcom,EnergyAtlas,Applications",Parcel Viewer Add-On Data (Published 8/18/20 @ 3:26PM),https://gis.whatcomcounty.us/arcgis/rest/services/Applications/ParcelViewerAddOnData/MapServer/info/thumbnail,geomatics,8,geomatics
Applications/PACSGIS_Viewer,https://gis.whatcomcounty.us/arcgis/rest/services/Applications/PACSGIS_Viewer/MapServer,Map Service,"Washington,Whatcom,EnergyAtlas,Applications",PACS Parcel Viewer (Published 12/4/19 @ 4:36 PM),https://gis.whatcomcounty.us/arcgis/rest/services/Applications/PACSGIS_Viewer/MapServer/info/thumbnail,geomatics,8,geomatics
Boundaries/Contours,https://arcgiscoa.cityofanacortes.org/arcgiscoa/rest/services/Boundaries/Contours/MapServer,Map Service,"Washington,Anacortes,EnergyAtlas,Boundaries",contours,https://arcgiscoa.cityofanacortes.org/arcgiscoa/rest/services/Boundaries/Contours/MapServer/info/thumbnail,geomatics,8,geomatics
Grandview/Grandview_Blocks,https://arcgiscoa.cityofanacortes.org/arcgiscoa/rest/services/Grandview/Grandview_Blocks/MapServer,Map Service,"Washington,Anacortes,EnergyAtlas,Grandview",Grandview Blocks,https://arcgiscoa.cityofanacortes.org/arcgiscoa/rest/services/Grandview/Grandview_Blocks/MapServer/info/thumbnail,oil and gas,8,blocks
Imagery/Aerials_2021,https://arcgiscoa.cityofanacortes.org/arcgiscoa/rest/services/Imagery/Aerials_2021/MapServer,Map Service,"Washington,Anacortes,EnergyAtlas,Imagery",imagery,https://arcgiscoa.cityofanacortes.org/arcgiscoa/rest/services/Imagery/Aerials_2021/MapServer/info/thumbnail,imagery,8,imagery
Imagery/Photo_2008,https://www.iqmap.org/arcgis4/rest/services/Imagery/Photo_2008/MapServer,Map Service,"Washington,Bellingham,EnergyAtlas,Imagery",Photo 2008 aerial,https://www.iqmap.org/arcgis4/rest/services/Imagery/Photo_2008/MapServer/info/thumbnail,imagery,10,imagery
Imagery/Photo_2010,https://www.iqmap.org/arcgis4/rest/services/Imagery/Photo_2010/MapServer,Map Service,"Washington,Bellingham,EnergyAtlas,Imagery",Aerial Photo 2010,https://www.iqmap.org/arcgis4/rest/services/Imagery/Photo_2010/MapServer/info/thumbnail,imagery,10,imagery
Maps/Grp_Environmental,https://www.iqmap.org/arcgis4/rest/services/Maps/Grp_Environmental/MapServer,Map Service,"Washington,Bellingham,EnergyAtlas,Maps","This map service includes environmental related data for the City of Bellingham. It includes data republished from FEMA, WA DNR, and NRCS.<BR>The following layers are included:<BR>Shoreline Master Program reach designations and pocket estuaries<BR>FEMA flood zones and NMFS BiOp Zones<BR>Watersheds<BR>Geology (covers the Puget Sound Region)<BR>Soils from NRCS<BR>WA DNR Fish Habitat Water Type Codes<BR>Steep slopes, categorized in broad ranges, deteremined by a 2014 high resolution LiDAR data set",https://www.iqmap.org/arcgis4/rest/services/Maps/Grp_Environmental/MapServer/info/thumbnail,environmental,8,environmental
Maps/Grp_Environmental2,https://www.iqmap.org/arcgis4/rest/services/Maps/Grp_Environmental2/MapServer,Map Service,"Washington,Bellingham,EnergyAtlas,Maps","This map service includes environmental related data for the City of Bellingham. It includes data republished from FEMA, WA DNR, and NRCS.<BR>The following layers are included:<BR>Shoreline Master Program reach designations and pocket estuaries<BR>FEMA flood zones and NMFS BiOp Zones<BR>Watersheds<BR>Geology (covers the Puget Sound Region)<BR>Soils from NRCS<BR>WA DNR Fish Habitat Water Type Codes<BR>Steep slopes, categorized in broad ranges, deteremined by a 2014 high resolution LiDAR data set",https://www.iqmap.org/arcgis4/rest/services/Maps/Grp_Environmental2/MapServer/info/thumbnail,environmental,8,environmental
common/contours,http://cobgis.ci.bremerton.wa.us/arcgis/rest/services/common/contours/MapServer,Map Service,"Washington,Bremerton,EnergyAtlas,common",contours,http://cobgis.ci.bremerton.wa.us/arcgis/rest/services/common/contours/MapServer/info/thumbnail,topography,8,topography
Imagery/Imagery1940_WGS,https://maps.desmoineswa.gov/dmgis/rest/services/Imagery/Imagery1940_WGS/MapServer,Map Service,"Washington,Des Moines,EnergyAtlas,Imagery",Historical imagery to use for applications.,https://maps.desmoineswa.gov/dmgis/rest/services/Imagery/Imagery1940_WGS/MapServer/info/thumbnail,imagery,10,imagery
Imagery/Imagery2002_WGS,https://maps.desmoineswa.gov/dmgis/rest/services/Imagery/Imagery2002_WGS/MapServer,Map Service,"Washington,Des Moines,EnergyAtlas,Imagery",Historical imagery to use for applications.,https://maps.desmoineswa.gov/dmgis/rest/services/Imagery/Imagery2002_WGS/MapServer/info/thumbnail,imagery,10,imagery
Imagery/Imagery2012_WGS,https://maps.desmoineswa.gov/dmgis/rest/services/Imagery/Imagery2012_WGS/MapServer,Map Service,"Washington,Des Moines,EnergyAtlas,Imagery",Historical imagery to use for applications.,https://maps.desmoineswa.gov/dmgis/rest/services/Imagery/Imagery2012_WGS/MapServer/info/thumbnail,imagery,10,imagery
Imagery/Imagery2017,https://maps.desmoineswa.gov/dmgis/rest/services/Imagery/Imagery2017/MapServer,Map Service,"Washington,Des Moines,EnergyAtlas,Imagery",Latest imagery to use for applications,https://maps.desmoineswa.gov/dmgis/rest/services/Imagery/Imagery2017/MapServer/info/thumbnail,imagery,10,imagery
Imagery/Imagery2017_WGS,https://maps.desmoineswa.gov/dmgis/rest/services/Imagery/Imagery2017_WGS/MapServer,Map Service,"Washington,Des Moines,EnergyAtlas,Imagery",Latest imagery to use for applications,https://maps.desmoineswa.gov/dmgis/rest/services/Imagery/Imagery2017_WGS/MapServer/info/thumbnail,imagery,10,imagery
Imagery/Imagery2015,https://maps.desmoineswa.gov/dmgis/rest/services/Imagery/Imagery2015/MapServer,Map Service,"Washington,Des Moines,EnergyAtlas,Imagery",Latest imagery to use for applications,https://maps.desmoineswa.gov/dmgis/rest/services/Imagery/Imagery2015/MapServer/info/thumbnail,Imagery data for mapping and analysis,8,imagery
Imagery/Imagery2020_WGS,https://maps.desmoineswa.gov/dmgis/rest/services/Imagery/Imagery2020_WGS/MapServer,Map Service,"Washington,Des Moines,EnergyAtlas,Imagery",Latest imagery to use for applications,https://maps.desmoineswa.gov/dmgis/rest/services/Imagery/Imagery2020_WGS/MapServer/info/thumbnail,Imagery data,8,imagery
Basemap/Contour_Lines,http://maps.edmondswa.gov/arcgis/rest/services/Basemap/Contour_Lines/MapServer,Map Service,"Washington,Edmonds,EnergyAtlas,Basemap",Edmonds area contours from 6' resolution DEM.,http://maps.edmondswa.gov/arcgis/rest/services/Basemap/Contour_Lines/MapServer/info/thumbnail,topography,8,basemaps
Imagery/Image2001sid,https://gismaps.everettwa.gov/manarcgis/rest/services/Imagery/Image2001sid/ImageServer,Image Service,"Washington,Everett,EnergyAtlas,Imagery",Aerial Image 2001,https://gismaps.everettwa.gov/manarcgis/rest/services/Imagery/Image2001sid/ImageServer/info/thumbnail,imagery,8,imagery
Imagery/Image2009jp2,https://gismaps.everettwa.gov/manarcgis/rest/services/Imagery/Image2009jp2/ImageServer,Image Service,"Washington,Everett,EnergyAtlas,Imagery",Imagery/Image2009jp2,https://gismaps.everettwa.gov/manarcgis/rest/services/Imagery/Image2009jp2/ImageServer/info/thumbnail,imagery,10,imagery
Imagery/Project_Site_Imagery,https://gismaps.everettwa.gov/manarcgis/rest/services/Imagery/Project_Site_Imagery/MapServer,Map Service,"Washington,Everett,EnergyAtlas,Imagery",Project Site Imagery <BR>Drone flights of the 2018 Smith Island Estuary Restoration project.<BR>,https://gismaps.everettwa.gov/manarcgis/rest/services/Imagery/Project_Site_Imagery/MapServer/info/thumbnail,Imagery for project sites,8,imagery
Topo/Topographic,https://gismaps.everettwa.gov/manarcgis/rest/services/Topo/Topographic/MapServer,Map Service,"Washington,Everett,EnergyAtlas,Topo",Topographic Contour Lines,https://gismaps.everettwa.gov/manarcgis/rest/services/Topo/Topographic/MapServer/info/thumbnail,topography,10,topography
FerndaleOnline/MapViewer_Contours_12000,https://arcgis.cityofferndale.org/server/rest/services/FerndaleOnline/MapViewer_Contours_12000/MapServer,Map Service,"Washington,Ferndale,EnergyAtlas,FerndaleOnline",Ferndale Contours 2 foot from 2006,https://arcgis.cityofferndale.org/server/rest/services/FerndaleOnline/MapViewer_Contours_12000/MapServer/info/thumbnail,topography,8,topography
BasemapServices/ba_Parcels,https://chgis1.mercergov.org/arcgis/rest/services/BasemapServices/ba_Parcels/MapServer,Map Service,"Washington,Mercer Island,EnergyAtlas,BasemapServices",Mercer Island service containing parcel lines,https://chgis1.mercergov.org/arcgis/rest/services/BasemapServices/ba_Parcels/MapServer/info/thumbnail,basemaps,10,basemaps
GeoCortexServicesExternal/gcexEnvironmentalLayers,https://chgis1.mercergov.org/arcgis/rest/services/GeoCortexServicesExternal/gcexEnvironmentalLayers/MapServer,Map Service,"Washington,Mercer Island,EnergyAtlas,GeoCortexServicesExternal","Mercer Island environmental layers for GeoCortex ( External WebGIS): eagle nest, geology, exploration points, geotech documents, 2 & 10 ft Lidar contours (2016), watercourse, watercourse buffers, wind exposure, wind speed-up, slide, seismic, erosion, steep sloope",https://chgis1.mercergov.org/arcgis/rest/services/GeoCortexServicesExternal/gcexEnvironmentalLayers/MapServer/info/thumbnail,environmental,8,environmental
QAlertCRMServices/crm_StormLayers,https://chgis1.mercergov.org/arcgis/rest/services/QAlertCRMServices/crm_StormLayers/MapServer,Map Service,"Washington,Mercer Island,EnergyAtlas,QAlertCRMServices","Mercer Island base layers for Qalert (CRM Software) including catchbasin, storm main, discharge point, headwall, storm lateral, control structure, parcel with detention, watercourse stabilization",https://chgis1.mercergov.org/arcgis/rest/services/QAlertCRMServices/crm_StormLayers/MapServer/info/thumbnail,weather,8,environmental
enviro/SeismicHazardAreas,https://maps.sammamishwa.gov/arcgis/rest/services/enviro/SeismicHazardAreas/MapServer,Map Service,"Washington,Sammamish,EnergyAtlas,enviro",Seismic hazard area,https://maps.sammamishwa.gov/arcgis/rest/services/enviro/SeismicHazardAreas/MapServer/info/thumbnail,seismic activity,9,seismic
Imagery/LeafOff_2020,https://maps.sammamishwa.gov/arcgis/rest/services/Imagery/LeafOff_2020/MapServer,Map Service,"Washington,Sammamish,EnergyAtlas,Imagery","2020 Leaf Off Color 3"" Imagery",https://maps.sammamishwa.gov/arcgis/rest/services/Imagery/LeafOff_2020/MapServer/info/thumbnail,imagery,8,imagery
mapServices/Contours,https://maps.sammamishwa.gov/arcgis/rest/services/mapServices/Contours/MapServer,Map Service,"Washington,Sammamish,EnergyAtlas,mapServices",Sammamish 2-ft. contours,https://maps.sammamishwa.gov/arcgis/rest/services/mapServices/Contours/MapServer/info/thumbnail,topography,8,topography
property/Contours,https://maps.sammamishwa.gov/arcgis/rest/services/property/Contours/MapServer,Map Service,"Washington,Sammamish,EnergyAtlas,property","2018 Contours, derived from imervious surface lidar flight.",https://maps.sammamishwa.gov/arcgis/rest/services/property/Contours/MapServer/info/thumbnail,topography,8,topography
COS/Contours_1993,https://gisdata.seattle.gov/server/rest/services/COS/Contours_1993/MapServer,Map Service,"Washington,Seattle,EnergyAtlas,COS",2 and 10 foot interval contour lines. This data is derived from 1993 orthophotos.,https://gisdata.seattle.gov/server/rest/services/COS/Contours_1993/MapServer/info/thumbnail,geomatics,8,geomatics
Imagery/Aerials1970,https://smaps.shorelinewa.gov/server/rest/services/Imagery/Aerials1970/MapServer,Map Service,"Washington,Shoreline,EnergyAtlas,Imagery",No description,https://smaps.shorelinewa.gov/server/rest/services/Imagery/Aerials1970/MapServer/info/thumbnail,imagery,10,imagery
Imagery/Aerials1944,https://smaps.shorelinewa.gov/server/rest/services/Imagery/Aerials1944/MapServer,Map Service,"Washington,Shoreline,EnergyAtlas,Imagery",No description,https://smaps.shorelinewa.gov/server/rest/services/Imagery/Aerials1944/MapServer/info/thumbnail,imagery,10,imagery
Imagery/Aerials1936,https://smaps.shorelinewa.gov/server/rest/services/Imagery/Aerials1936/MapServer,Map Service,"Washington,Shoreline,EnergyAtlas,Imagery",No description,https://smaps.shorelinewa.gov/server/rest/services/Imagery/Aerials1936/MapServer/info/thumbnail,imagery,10,imagery
Imagery/Aerials1953,https://smaps.shorelinewa.gov/server/rest/services/Imagery/Aerials1953/MapServer,Map Service,"Washington,Shoreline,EnergyAtlas,Imagery",No description,https://smaps.shorelinewa.gov/server/rest/services/Imagery/Aerials1953/MapServer/info/thumbnail,imagery,10,imagery
Imagery/Aerials2004,https://smaps.shorelinewa.gov/server/rest/services/Imagery/Aerials2004/MapServer,Map Service,"Washington,Shoreline,EnergyAtlas,Imagery",No description,https://smaps.shorelinewa.gov/server/rest/services/Imagery/Aerials2004/MapServer/info/thumbnail,imagery,8,imagery
Imagery/Aerials2002,https://smaps.shorelinewa.gov/server/rest/services/Imagery/Aerials2002/MapServer,Map Service,"Washington,Shoreline,EnergyAtlas,Imagery",No description,https://smaps.shorelinewa.gov/server/rest/services/Imagery/Aerials2002/MapServer/info/thumbnail,imagery,10,imagery
Imagery/Aerials2007,https://smaps.shorelinewa.gov/server/rest/services/Imagery/Aerials2007/MapServer,Map Service,"Washington,Shoreline,EnergyAtlas,Imagery",No description,https://smaps.shorelinewa.gov/server/rest/services/Imagery/Aerials2007/MapServer/info/thumbnail,imagery,8,imagery
Imagery/Aerials2009,https://smaps.shorelinewa.gov/server/rest/services/Imagery/Aerials2009/MapServer,Map Service,"Washington,Shoreline,EnergyAtlas,Imagery",No description,https://smaps.shorelinewa.gov/server/rest/services/Imagery/Aerials2009/MapServer/info/thumbnail,imagery,8,imagery
Imagery/Aerials2012,https://smaps.shorelinewa.gov/server/rest/services/Imagery/Aerials2012/MapServer,Map Service,"Washington,Shoreline,EnergyAtlas,Imagery",No description,https://smaps.shorelinewa.gov/server/rest/services/Imagery/Aerials2012/MapServer/info/thumbnail,imagery,8,imagery
Imagery/Aerials2015,https://smaps.shorelinewa.gov/server/rest/services/Imagery/Aerials2015/MapServer,Map Service,"Washington,Shoreline,EnergyAtlas,Imagery",No description,https://smaps.shorelinewa.gov/server/rest/services/Imagery/Aerials2015/MapServer/info/thumbnail,imagery,10,imagery
Imagery/HillShade2016,https://smaps.shorelinewa.gov/server/rest/services/Imagery/HillShade2016/MapServer,Map Service,"Washington,Shoreline,EnergyAtlas,Imagery",No description,https://smaps.shorelinewa.gov/server/rest/services/Imagery/HillShade2016/MapServer/info/thumbnail,imagery,8,imagery
Imagery/Aerials2020,https://smaps.shorelinewa.gov/server/rest/services/Imagery/Aerials2020/MapServer,Map Service,"Washington,Shoreline,EnergyAtlas,Imagery",No description,https://smaps.shorelinewa.gov/server/rest/services/Imagery/Aerials2020/MapServer/info/thumbnail,imagery,10,imagery
app_services/applesandsolar,https://tagis.dep.wv.gov/arcgis/rest/services/app_services/applesandsolar/MapServer,Map Service,"West Virginia,West Virginia Department of Environmental Protection,EnergyAtlas,app_services",apple and solar project shapefiles for webscene,https://tagis.dep.wv.gov/arcgis/rest/services/app_services/applesandsolar/MapServer/info/thumbnail,solar,10,renewables
app_services/oog2,https://tagis.dep.wv.gov/arcgis/rest/services/app_services/oog2/MapServer,Map Service,"West Virginia,West Virginia Department of Environmental Protection,EnergyAtlas,app_services","This service uses data from the RBDMS database, which was adpoted by the WVDEP department of Oil&Gas in August 2016. It is designed as a replacement for the original oog service, which used data from the superceeded ERIS database.<BR><BR>WVDEP will create new versions of its mapping applications to utilize this service, and the oog service will be depriciated and eventually removed.<BR><BR>The primary change with the new service is the data represents actual or proposed well locations, while the older service represented locations associated with permits received and issued by the Office of Oil & Gas. The practical effect is there is no longer multiple records associated with a particular permit id that plot at the same location; there is only one record and one geographical feature.<BR><BR>",https://tagis.dep.wv.gov/arcgis/rest/services/app_services/oog2/MapServer/info/thumbnail,oil and gas,10,licenses
WRPA_Web_GIS/Groundwater,https://tagis.dep.wv.gov/arcgis/rest/services/WRPA_Web_GIS/Groundwater/MapServer,Map Service,"West Virginia,West Virginia Department of Environmental Protection,EnergyAtlas,WRPA_Web_GIS","<DIV STYLE=""text-align:Left;""><DIV><DIV><P><SPAN>The eight layers are: Base of Freshwater, Top of Saline Water, Groundwater Monitoring Wells, Karst Areas, Karst Springs, Septic Tanks, WV Sunken Streams (Dye Tracing), and WV Mine Pools and WV Sunken Streams.</SPAN></P><P><SPAN /></P></DIV></DIV></DIV>",https://tagis.dep.wv.gov/arcgis/rest/services/WRPA_Web_GIS/Groundwater/MapServer/info/thumbnail,Groundwater management,8,geomatics
WVDEP_enterprise/oil_gas,https://tagis.dep.wv.gov/arcgis/rest/services/WVDEP_enterprise/oil_gas/MapServer,Map Service,"West Virginia,West Virginia Department of Environmental Protection,EnergyAtlas,WVDEP_enterprise","This service uses data from the RBDMS database, which was adpoted by the WVDEP department of Oil&Gas in August 2016. <BR><BR>",https://tagis.dep.wv.gov/arcgis/rest/services/WVDEP_enterprise/oil_gas/MapServer/info/thumbnail,oil and gas,10,oil
aasg/WVGeologicMap,https://atlas.wvgs.wvnet.edu/arcgis/rest/services/aasg/WVGeologicMap/MapServer,Map Service,"West Virginia,WV Geological and Economic Survey,EnergyAtlas,aasg","In 1968 the West Virginia Geological and Economic Survey (WVGES) published a State Geologic Map. The topographic base was compiled from Army Map Service 1:250,000 scale map sheets. In 1998 the WV Division of Environmental Protection (WVDEP) scanned the hardcopy geologic maps at 300 dpi, 8-bit color, and then georeferenced them. Rock unit boundaries were digitized off the images and attributed by WVDEP. The USGS-Water Resources Division later revised the attributes of large water bodies and referenced the datum to NAD83. WVGES augmented the map in 2008 to remove the water bodies and used surrounding geology. Metamorphic features were also added in 2008 along with ""GeoAge"" font notation to render proper geologic labelling for the map. <BR><BR>The attribute table contains information about the age, rock type (lithology), formal names, and coal seams of the rock units. Structure type and names for separate fold and fault coverages also exist with this service.<BR><BR>",https://atlas.wvgs.wvnet.edu/arcgis/rest/services/aasg/WVGeologicMap/MapServer/info/thumbnail,geology,8,geology
aasg/Faults,https://atlas.wvgs.wvnet.edu/arcgis/rest/services/aasg/Faults/MapServer,Map Service,"West Virginia,WV Geological and Economic Survey,EnergyAtlas,aasg","West Virginia Geological & Economic Survey, 2010, Structural Geologic Map--Top of the Onondaga Limestone, WV: Morgantown, WV after Dudley H. Cardwell, 1982, Oriskany and Huntersville Gas Fields of WV, Mineral Resources Series 5A: Morgantown, WV",https://atlas.wvgs.wvnet.edu/arcgis/rest/services/aasg/Faults/MapServer/info/thumbnail,geology,8,seismic
aasg/WVSeismicHypocenters,https://atlas.wvgs.wvnet.edu/arcgis/rest/services/aasg/WVSeismicHypocenters/MapServer,Map Service,"West Virginia,WV Geological and Economic Survey,EnergyAtlas,aasg","Earthquake hypocenters/epicenters within the state of West Virginia from 1824 to current (as of 10/23/2013). For use with the State Geothermal Data project - Arizona Geological Survey (AZGS), American Association of State Geologists (AASG), and the United States Department of Energy (US-DOE).",https://atlas.wvgs.wvnet.edu/arcgis/rest/services/aasg/WVSeismicHypocenters/MapServer/info/thumbnail,seismic activity,9,seismic
aasg/WVWellheaders,https://atlas.wvgs.wvnet.edu/arcgis/rest/services/aasg/WVWellheaders/MapServer,Map Service,"West Virginia,WV Geological and Economic Survey,EnergyAtlas,aasg","A well is a facility defined by its function to extract fluids from within the earth. A well may be a simple hole in the ground (generally not the kind of wells we're interested in here...), but in general will consist of a dug shaft or drilled borehole. Drilled wells may include one or more boreholes (well bores) that are accessed from the surface at an origin collar, which defines the origin of the well. Individual boreholes in the well my have origin points (collars) that are located within existing boreholes in the well (e.g. sidetracks). The most common situation, especially for water wells, is a well consisting of a single borehole with a collar that is coincident with the well origin.<BR><BR>Well header features represent individual wells, and are the anchor for a variety of observations and other features.<BR><BR>From: http://www.stategeothermaldata.org/data_delivery/content_models/well_header",https://atlas.wvgs.wvnet.edu/arcgis/rest/services/aasg/WVWellheaders/MapServer/info/thumbnail,oil and gas,8,wells
Coal_Web_Mercator/Number_2_Gas_Lower_Split_1_WM,https://atlas.wvgs.wvnet.edu/arcgis/rest/services/Coal_Web_Mercator/Number_2_Gas_Lower_Split_1_WM/MapServer,Map Service,"West Virginia,WV Geological and Economic Survey,EnergyAtlas,Coal_Web_Mercator",Current coal resource measures and estimates along with avalible underground and surface mining data for the Number 2 Gas Lower Split 1 Coal Seam in West Virginia.,https://atlas.wvgs.wvnet.edu/arcgis/rest/services/Coal_Web_Mercator/Number_2_Gas_Lower_Split_1_WM/MapServer/info/thumbnail,gas,8,gas
Coal_Web_Mercator/Number_2_Gas_WM,https://atlas.wvgs.wvnet.edu/arcgis/rest/services/Coal_Web_Mercator/Number_2_Gas_WM/MapServer,Map Service,"West Virginia,WV Geological and Economic Survey,EnergyAtlas,Coal_Web_Mercator",Current coal resource measures and estimates along with avalible underground and surface mining data for the Number 2 Gas Coal Seam in West Virginia.,https://atlas.wvgs.wvnet.edu/arcgis/rest/services/Coal_Web_Mercator/Number_2_Gas_WM/MapServer/info/thumbnail,gas,8,gas
Geology/WV_Earthquake_Epicenters,https://atlas.wvgs.wvnet.edu/arcgis/rest/services/Geology/WV_Earthquake_Epicenters/MapServer,Map Service,"West Virginia,WV Geological and Economic Survey,EnergyAtlas,Geology",Earthquake epicenters in West Virginia recorded historically and instrumentally from 1824 to 2013 (as of 8/20/2013),https://atlas.wvgs.wvnet.edu/arcgis/rest/services/Geology/WV_Earthquake_Epicenters/MapServer/info/thumbnail,seismic activity,8,seismic
Geology/WV_Geologic_Map_Periods,https://atlas.wvgs.wvnet.edu/arcgis/rest/services/Geology/WV_Geologic_Map_Periods/MapServer,Map Service,"West Virginia,WV Geological and Economic Survey,EnergyAtlas,Geology",Geologic periods for the State of West Virginia using 1968 geologic map and FGDC USGS (2006) coloring scheme.<BR>* Quaternary<BR>* Pennsylvanian/Permian<BR>* Pennsylvanian<BR>* Mississippian<BR>* Devonian<BR>* Silurian<BR>* Ordovician<BR>* Cambrian,https://atlas.wvgs.wvnet.edu/arcgis/rest/services/Geology/WV_Geologic_Map_Periods/MapServer/info/thumbnail,geology,8,geology
Geology/WV_Geologic_Transect_Road_201709,https://atlas.wvgs.wvnet.edu/arcgis/rest/services/Geology/WV_Geologic_Transect_Road_201709/MapServer,Map Service,"West Virginia,WV Geological and Economic Survey,EnergyAtlas,Geology","Linear feature of the roads used as the transect in the WV Geologic Transect Project, specifically parts of, US 50, I-79, US 33 and US 48 (Corridor H). Corridor H is featured.<BR>Data and design as of November 2017",https://atlas.wvgs.wvnet.edu/arcgis/rest/services/Geology/WV_Geologic_Transect_Road_201709/MapServer/info/thumbnail,geology,8,geology
Geology/WVAeromagneticData,https://atlas.wvgs.wvnet.edu/arcgis/rest/services/Geology/WVAeromagneticData/MapServer,Map Service,"West Virginia,WV Geological and Economic Survey,EnergyAtlas,Geology","A reference map of the total intensity magnetic field of the earth in gammas published by the West Virginia Geological and Economic Survey in 1978.<BR><BR>In May/June 2007, two hardcopy map sheets of the 1978 Aeromagnetic Map of West Virginia were scanned at 300 dpi 8-bit color by the WV GIS Technical Center (http://http://wvgis.wvu.edu/). The scanned TIFs were converted to index color mode, and resampled to 150 dpi. The map sections were then mosaicked together and georeferenced to a 15-minute Longitude/Latitude grid.",https://atlas.wvgs.wvnet.edu/arcgis/rest/services/Geology/WVAeromagneticData/MapServer/info/thumbnail,geology,8,magnetics
Geology/Transect_Work_201709,https://atlas.wvgs.wvnet.edu/arcgis/rest/services/Geology/Transect_Work_201709/MapServer,Map Service,"West Virginia,WV Geological and Economic Survey,EnergyAtlas,Geology",transect work,https://atlas.wvgs.wvnet.edu/arcgis/rest/services/Geology/Transect_Work_201709/MapServer/info/thumbnail,geology,10,geology
Geology/WV_Geologic_Transect,https://atlas.wvgs.wvnet.edu/arcgis/rest/services/Geology/WV_Geologic_Transect/MapServer,Map Service,"West Virginia,WV Geological and Economic Survey,EnergyAtlas,Geology","An educational project to show geologic related photos/info for the general public. Hyperlinks go to photos. The geology along the new West Virginia ""Corridor H"" is featured.",https://atlas.wvgs.wvnet.edu/arcgis/rest/services/Geology/WV_Geologic_Transect/MapServer/info/thumbnail,geology,10,geology
Geology/WVGravityData,https://atlas.wvgs.wvnet.edu/arcgis/rest/services/Geology/WVGravityData/MapServer,Map Service,"West Virginia,WV Geological and Economic Survey,EnergyAtlas,Geology","A reference map of Bouguer gravity values with axes of persistent highs and lows published by the West Virginia Geological and Economic Survey in 1987.<BR><BR>In May/June 2007, two hardcopy map sheets of the 1987 Bouguer Gravity Map of West Virginia were scanned at 300 dpi 8-bit color by the WV GIS Technical Center (http://wvgis.wvu.edu/data/dataset.php?ID=272). The scanned TIFs were converted to index color mode, and resampled to 150 dpi. The map sections were then mosaicked together and georeferenced to a 15-minute Longitude/Latitude grid. Data for the gravity stations was taken from Geonet, the United States Gravity Data Repository System.",https://atlas.wvgs.wvnet.edu/arcgis/rest/services/Geology/WVGravityData/MapServer/info/thumbnail,geology and gravity data,8,gravity
Geology/WVGeologicMap1968,https://atlas.wvgs.wvnet.edu/arcgis/rest/services/Geology/WVGeologicMap1968/MapServer,Map Service,"West Virginia,WV Geological and Economic Survey,EnergyAtlas,Geology","Geologic Map of West Virginia (1968) showing: Periods, Lithology, Groups/Formations, Rock Units",https://atlas.wvgs.wvnet.edu/arcgis/rest/services/Geology/WVGeologicMap1968/MapServer/info/thumbnail,geology,8,geology
Geothermal/WVGeothermal_Infrastructure,https://atlas.wvgs.wvnet.edu/arcgis/rest/services/Geothermal/WVGeothermal_Infrastructure/MapServer,Map Service,"West Virginia,WV Geological and Economic Survey,EnergyAtlas,Geothermal",West Virginia infrastructure data by way of the West Virginia Geological and Economic Survey.,https://atlas.wvgs.wvnet.edu/arcgis/rest/services/Geothermal/WVGeothermal_Infrastructure/MapServer/info/thumbnail,geothermal energy,10,infrastructure
OilGas/MarcellusPlusGeology_062018,https://atlas.wvgs.wvnet.edu/arcgis/rest/services/OilGas/MarcellusPlusGeology_062018/MapServer,Map Service,"West Virginia,WV Geological and Economic Survey,EnergyAtlas,OilGas","Net shale thickness (isochore) data for the Marcellus Formation in West Virginia. Data developed during peer-reviewed study addressing the distribution and thickness of formally and informally recognized Middle and Upper Devonian rock strata with focus on the Marcellus and other organic-rich shales. Nearly 400 wells were studied, primarily using gamma-ray geophysical well logs, to develop a statewide formalization of the lithostratigraphic nomenclature. Also includes data for the Onondaga Limestone and equivalents.",https://atlas.wvgs.wvnet.edu/arcgis/rest/services/OilGas/MarcellusPlusGeology_062018/MapServer/info/thumbnail,Oil and gas in the Marcellus geological formation,10,geology
OilGas/MarcellusWellLayers_062018,https://atlas.wvgs.wvnet.edu/arcgis/rest/services/OilGas/MarcellusWellLayers_062018/MapServer,Map Service,"West Virginia,WV Geological and Economic Survey,EnergyAtlas,OilGas","Completed and permitted ""Marcellus"" wells for West Virginia as of June 2018: a completed Marcellus well has one or more zones in the Marcellus that have been prepared for production--the well may or may not be producing currently; a permitted Marcellus well is one with a Marcellus/Devonian shale or deeper target. Also includes wells with scanned geophysical wells log(s) for wells that penetrate the top of the Onondaga/equivalents or a deeper formation (the Marcellus may or may not be present/recorded on the log). ",https://atlas.wvgs.wvnet.edu/arcgis/rest/services/OilGas/MarcellusWellLayers_062018/MapServer/info/thumbnail,oil and gas,10,wells
OilGas/MarcellusWellLayers_112019,https://atlas.wvgs.wvnet.edu/arcgis/rest/services/OilGas/MarcellusWellLayers_112019/MapServer,Map Service,"West Virginia,WV Geological and Economic Survey,EnergyAtlas,OilGas","Completed and permitted ""Marcellus"" wells for West Virginia as of November 2019: a completed Marcellus well has one or more zones in the Marcellus that have been prepared for production--the well may or may not be producing currently; a permitted Marcellus well is one with a Marcellus/Devonian shale or deeper target. Also includes wells with scanned geophysical wells log(s) for wells that penetrate the top of the Onondaga/equivalents or a deeper formation (the Marcellus may or may not be present/recorded on the log). ",https://atlas.wvgs.wvnet.edu/arcgis/rest/services/OilGas/MarcellusWellLayers_112019/MapServer/info/thumbnail,oil and gas,10,wells
OilGas/MarcellusWells_Test,https://atlas.wvgs.wvnet.edu/arcgis/rest/services/OilGas/MarcellusWells_Test/MapServer,Map Service,"West Virginia,WV Geological and Economic Survey,EnergyAtlas,OilGas",Completed and Permitted West Virginia Marcellus Shale Wells Plus Scanned Geophysical Well Logs,https://atlas.wvgs.wvnet.edu/arcgis/rest/services/OilGas/MarcellusWells_Test/MapServer/info/thumbnail,oil and gas,10,wells
OilGas/OnondagaStructure_Test,https://atlas.wvgs.wvnet.edu/arcgis/rest/services/OilGas/OnondagaStructure_Test/MapServer,Map Service,"West Virginia,WV Geological and Economic Survey,EnergyAtlas,OilGas","Structure contour, faults, and folds associated with the structural geologic map on the top of the Devonian age Onondaga Limestone or equivalent, West Virginia",https://atlas.wvgs.wvnet.edu/arcgis/rest/services/OilGas/OnondagaStructure_Test/MapServer/info/thumbnail,oil and gas,10,geology
OilGas_DevonianShale/MUDvnnSh_Wells,https://atlas.wvgs.wvnet.edu/arcgis/rest/services/OilGas_DevonianShale/MUDvnnSh_Wells/MapServer,Map Service,"West Virginia,WV Geological and Economic Survey,EnergyAtlas,OilGas_DevonianShale",The Middle and Upper Devonian Organic-Rich Shales in West Virginia Study Wells Service provides access to study wells for WVGES Reports of Investigation 35 (RI-35).,https://atlas.wvgs.wvnet.edu/arcgis/rest/services/OilGas_DevonianShale/MUDvnnSh_Wells/MapServer/info/thumbnail,Oil and Gas,10,wells
Testing/MUDvnnSh_Wells_FlowUnitsTEST,https://atlas.wvgs.wvnet.edu/arcgis/rest/services/Testing/MUDvnnSh_Wells_FlowUnitsTEST/MapServer,Map Service,"West Virginia,WV Geological and Economic Survey,EnergyAtlas,Testing",The Middle and Upper Devonian Organic-Rich Shales in West Virginia Study Wells Service provides access to study wells for WVGES Reports of Investigation 35 (RI-35).,https://atlas.wvgs.wvnet.edu/arcgis/rest/services/Testing/MUDvnnSh_Wells_FlowUnitsTEST/MapServer/info/thumbnail,oil and gas,8,wells
Utica/Utica_Contours,https://atlas.wvgs.wvnet.edu/arcgis/rest/services/Utica/Utica_Contours/MapServer,Map Service,"West Virginia,WV Geological and Economic Survey,EnergyAtlas,Utica","Kope, Utica, Point Pleasant, Trenton, and Black River Contours (Thickness and Structure) Plus Selected Faults and Mapping Area--note: Trenton includes Logana and Curdsville members (shown separately)<BR> and Black River excludes thickness contours",https://atlas.wvgs.wvnet.edu/arcgis/rest/services/Utica/Utica_Contours/MapServer/info/thumbnail,oil and gas,8,geology
Utica/Utica_Wells,https://atlas.wvgs.wvnet.edu/arcgis/rest/services/Utica/Utica_Wells/MapServer,Map Service,"West Virginia,WV Geological and Economic Survey,EnergyAtlas,Utica",Utica Project Wells,https://atlas.wvgs.wvnet.edu/arcgis/rest/services/Utica/Utica_Wells/MapServer/info/thumbnail,oil and gas,9,wells
LF_DML/EN_GatheringAreas_WGS_Ext,https://dnrmaps.wi.gov/arcgis/rest/services/LF_DML/EN_GatheringAreas_WGS_Ext/MapServer,Map Service,"Wisconsin,Wisconsin Department of Natural Resources,EnergyAtlas,LF_DML","DNR Properties in the ceded territory, created for Great Lakes Indian Fish & WIldlife for use in GLIFWC web mapping. Projected to the WGS84, WKID 3857 for use oin the Google web mapping environment. Properties have been classified as open by permit or self-regulated by tribal members,",https://dnrmaps.wi.gov/arcgis/rest/services/LF_DML/EN_GatheringAreas_WGS_Ext/MapServer/info/thumbnail,gas,8,pipelines
LF_DML/LF_AGOL_STAGING_WTM_Ext,https://dnrmaps.wi.gov/arcgis/rest/services/LF_DML/LF_AGOL_STAGING_WTM_Ext/MapServer,Map Service,"Wisconsin,Wisconsin Department of Natural Resources,EnergyAtlas,LF_DML","Contains:<BR>DNR Mgd Lands by Property - Prop Names Included: Parcels dissovled on Prop Code with Property Names attached, DNR easements on private lands not included.<BR>DNR Mgd Lands by Parcels-No Property NAmes: Contains DNR Mgd Land as parcels, open easements included-- closed easement and inholding are not.",https://dnrmaps.wi.gov/arcgis/rest/services/LF_DML/LF_AGOL_STAGING_WTM_Ext/MapServer/info/thumbnail,geomatics,8,geomatics
LF_DML/LF_DNR_MGD_Acquisition_History_WTM_Ext,https://dnrmaps.wi.gov/arcgis/rest/services/LF_DML/LF_DNR_MGD_Acquisition_History_WTM_Ext/MapServer,Map Service,"Wisconsin,Wisconsin Department of Natural Resources,EnergyAtlas,LF_DML","DNR Managed Land parcel acquisition by decade. Parcels dissolved by acquisition decade and program code.<BR>DNR Managed LAnds purchase through the Knowles Nelson Stewardship Funds, 1990 - present.",https://dnrmaps.wi.gov/arcgis/rest/services/LF_DML/LF_DNR_MGD_Acquisition_History_WTM_Ext/MapServer/info/thumbnail,oil and gas,8,licenses
LF_DML/LF_DNR_MGD_Federal_Interest_WTM_Int,https://dnrmaps.wi.gov/arcgis/rest/services/LF_DML/LF_DNR_MGD_Federal_Interest_WTM_Int/MapServer,Map Service,"Wisconsin,Wisconsin Department of Natural Resources,EnergyAtlas,LF_DML",DNR owned and eased lands shaded to show whether or not federal funds were used in the acquisition of the property or parcel.,https://dnrmaps.wi.gov/arcgis/rest/services/LF_DML/LF_DNR_MGD_Federal_Interest_WTM_Int/MapServer/info/thumbnail,oil and gas,8,leases
DW_Map_Dynamic/EN_Image_Basemap_Leaf_On_Index,https://dnrmaps.wi.gov/arcgis_image/rest/services/DW_Map_Dynamic/EN_Image_Basemap_Leaf_On_Index/MapServer,Map Service,"Wisconsin,Wisconsin Department of Natural Resources,EnergyAtlas,DW_Map_Dynamic","This service provides an Index to help determine the aerial photography acquisition date for 2020 USDA National Agricultural Imagery Program (NAIP) air photos of Wisconsin that display in the WI DNR Image Service â€œEN_Image_Basemap_Leaf_Onâ€. The NAIP 2020 aerial photography is natural color, leaf-on, 0.6-meter resolution imagery. The image service has also been supplemented with 2021 NAIP imagery for MN and IA counties that lie along Wisconsin's western boundary. <BR><BR>WI DNR acknowledges the USDA Natural Resources Conservation Service for making source data available. For more information, contact the Wisconsin Department of Natural Resources, Bureau of Technology Services - GIS Section through DNR's feedback form: https://dnr.wi.gov/feedback/index.asp?MessageConcerning=GEO <BR>",https://dnrmaps.wi.gov/arcgis_image/rest/services/DW_Map_Dynamic/EN_Image_Basemap_Leaf_On_Index/MapServer/info/thumbnail,imagery,8,basemaps
DW_Image/EN_Image_Basemap_Leaf_On,https://dnrmaps.wi.gov/arcgis_image/rest/services/DW_Image/EN_Image_Basemap_Leaf_On/ImageServer,Image Service,"Wisconsin,Wisconsin Department of Natural Resources,EnergyAtlas,DW_Image","The data source for this Image Service is statewide, natural color, leaf-on imagery of Wisconsin with 0.6-meter pixel resolution, from the 2020 USDA National Agricultural Imagery Program (NAIP). Flights occurred in the Summer and Fall of 2020 for the entire State of Wisconsin. The service has also been supplemented with 2021 NAIP data for counties in Minnesota and Iowa along the western Wisconsin border. In areas where the 2020 and 2021 overlap, the 2020 Wisconsin data is on top. Use this services companion index service (https://dnrmaps.wi.gov/arcgis_image/rest/services/DW_Map_Dynamic/EN_Image_Basemap_Leaf_On_Index/MapServer to identify flight dates).<BR><BR>WI DNR recognizes the USDA for making source data available; for more information, see: https://www.fsa.usda.gov/programs-and-services/aerial-photography/imagery-programs/naip-imagery. <BR><BR>This service will be updated as newer NAIP imagery becomes available. For more information about this service, contact the Wisconsin Department of Natural Resources, Bureau of Technology Services - GIS Section through DNR's feedback form: https://dnr.wi.gov/feedback/index.asp?MessageConcerning=GEO",https://dnrmaps.wi.gov/arcgis_image/rest/services/DW_Image/EN_Image_Basemap_Leaf_On/ImageServer/info/thumbnail,imagery,8,basemaps
